date,video_id,title,channel_id,views,likes,comments,video_length,subscribers,sub_growth_rate,watch_duration,watch_completion_rate
2022-04-10T03:30:05Z,R7rWBW9pNG8,Part 16 - ‡§ï‡§æ‡§Æ‡§µ‡§æ‡§≤‡•Ä ‡§¨‡§æ‡§à ‡§î‡§∞ ‡§µ‡§ø‡§∞‡§æ‡§ü ‡§ï‡•ã‡§π‡§≤‡•Ä üèèüòÇ IPL | Kaamwali Bai | #Shorts | Shorts Break,UCgJ5_1F6yJhYLnyMszUdmUg,529587423,18083480,17740,59.0,45600000,0.08610476385878975,18747394774.2,317752453.8
2021-04-19T06:27:18Z,gv5vC57eQyM,How to bully Vegetarians | #Shorts,UCKurfmpbeeo32EfC8sHaMyA,286580879,9809313,7790,30.0,2450000,0.008549070016635688,5158455822.0,171948527.4
2022-09-11T03:30:11Z,_eWkISVAlHo,Part 36 - Jeans ‡§ï‡§æ ‡§ú‡•Å‡§ó‡§æ‡•ú ü§£ | Kaamwali Bai | #Shorts | Shorts Break,UCgJ5_1F6yJhYLnyMszUdmUg,278187139,9438324,5835,59.0,45600000,0.16391843333922063,9847824720.6,166912283.4
2022-09-10T04:36:58Z,QIULBHxbYCw,Scam 2022üòÇ #shorts #story #soulfulseries #trending #song #viralsong #lovestory,UCYFPzRnPm4GuoDU1N4NkHzQ,200865593,4957203,8028,21.0,11200000,0.05575867839147544,2530906471.7999997,120519355.79999998
2022-01-29T03:30:03Z,6hyOU5Wre54,Part 7 - ‡§ï‡§æ‡§Æ‡§µ‡§æ‡§≤‡•Ä  ‡§ï‡•ã Job ‡§∏‡•á ‡§®‡§ø‡§ï‡§æ‡§≤‡§®‡•á ‡§ö‡§≤‡•á ‡§•‡•á ü§£ | Kaamwali Bai | #Shorts | Shorts Break,UCgJ5_1F6yJhYLnyMszUdmUg,160208623,7703842,5228,60.0,45600000,0.28462887418987426,5767510428.0,96125173.8
2023-09-17T07:27:00Z,Exuqg8HmHfU,I didn&#39;t Eat your Pizza #shorts,UCrFBMpfAfSUDadcOBzwP0pw,137485455,0,502,35.0,23400000,0.17019982222846772,2887194555.0,82491273.0
2022-04-30T16:42:07Z,GG99p9d1188,9 YEAR OLD ME BEEFING WITH OTHER KIDS üëÄüòÇ #Shorts,UC5Y1pPVNm-odhiubuRO1D6A,135550246,6158830,40978,39.0,12900000,0.0951676620343426,3171875756.3999996,81330147.6
2022-05-12T03:30:18Z,zGJDklWZX2o,Part 24 - ‡§ï‡§æ‡§Æ‡§µ‡§æ‡§≤‡•Ä ‡§¨‡§æ‡§à ‡§î‡§∞ Bachelors - II ü§£ü§£ | Kaamwali Bai | #Shorts | Shorts Break,UCgJ5_1F6yJhYLnyMszUdmUg,122870048,5691148,2354,50.0,45600000,0.37112380716250715,3686101440.0,73722028.8
2022-10-06T11:30:01Z,6ES_59wMD7Q,How To Style Your Simple Dress | Viral Beauty Hacks | Anaysa Shorts,UCa43NrBoxm_RnwLDdnh-KdA,104591482,3014522,1918,50.0,5480000,0.052394324042564,3137744460.0,62754889.2
2022-09-13T16:00:37Z,wZZPr7zjjLU,POV: you see a random cat on the street #shorts,UCUbslKd64OsMpBKhGJTNegg,93036821,2242411,24916,11.0,1370000,0.0147253526644037,614043018.6,55822092.6
2021-12-17T03:34:08Z,eyvRxXCsGtQ,Extra beauty ü§£ #shorts #bobbyprankster #funny #funnyshorts #filter,UC5apxzE3aEOpvP0XkeuW8mw,88453016,3156449,3060,14.0,30700000,0.34707691595275847,743005334.4,53071809.6
2023-07-05T08:00:04Z,74SefuswzsU,School aur Tiffin üçîüéÇ‚ù§Ô∏è|| Gulshan kalra #shorts,UC56dNUTok1pgvpY75CsJQ4Q,81056328,2473308,1717,60.0,40200000,0.4959514080134496,2918027808.0,48633796.8
2025-01-02T08:13:57Z,ggmwt5zYqgg,That one most active teacher in every school üè´ #shorts #ytshorts #sejalgabashorts #teacherlife,UCW-V3lJDUSz_AccP6rPRUtA,79472063,3820575,6176,53.0,10700000,0.13463850812580516,2527211603.3999996,47683237.79999999
2023-06-10T08:01:26Z,5cuQEGB-W30,Sir ka chakkrüòÇü§òüèª|| Jaanvi patel #shorts,UCRqs0TZOqe5nrwP-BrdnCjg,74350196,0,2882,60.0,28500000,0.3833211145805184,2676607056.0,44610117.6
2023-11-28T13:55:20Z,g5z5ofMZrLY,Watch till the end üòéüî• (Bewafa series) #shorts #bewafa,UC5apxzE3aEOpvP0XkeuW8mw,74288446,2734339,2000,60.0,30700000,0.4132540341468443,2674384056.0,44573067.6
2024-09-10T09:04:25Z,s0geipPsV9s,Ek tuition wali didi aisi bhiüë©‚Äçüè´üòÇ #shorts #funnyshorts #comedyshorts #ytshorts #teacherlife,UCW-V3lJDUSz_AccP6rPRUtA,71548603,1674244,3116,58.0,10700000,0.14954869209675553,2489891384.3999996,42929161.8
2024-07-04T13:45:01Z,Y5vhf9pOuj4,Only Legends will get the end üòé#nostalgia #90s #friends #relatable #explore #shorts,UCQPTbtadNWcPYuoS3JqkpYw,71177013,1722392,2396,60.0,3310000,0.046503777841871506,2562372468.0,42706207.8
2023-07-05T13:19:09Z,QqrPeEV11eo,Chalak rikshawala üòÇ #shorts #funny,UC5apxzE3aEOpvP0XkeuW8mw,67941142,2907459,2703,60.0,30700000,0.45186170111771157,2445881111.9999995,40764685.199999996
2024-06-18T10:30:06Z,GBtE2qCTo7w,Shaitaanüßü‚Äç‚ôÄÔ∏è ke saath Shaitaani ü§£ #priyalkukreja #shorts #ytshorts,UCzEAWIWMigRBbulQ6yVlilg,66729574,999145,1565,27.0,43100000,0.6458905312358205,1081019098.8,40037744.4
2024-09-27T07:55:00Z,OGdpuCzf9SE,Tom üçì Jerry (Rithvi&amp;Kavi)Real End Twist üòÇüéà #shorts,UCL5nlHWXVLeOsSjKH2fhmsg,64650110,1988489,2264,60.0,68400000,1.058002840211718,2327403960.0,38790066.0
2022-06-28T15:00:17Z,ToBHiGmyfNE,Oldest Child Vs. Middle Child Vs. Youngest Child (Part 2) #Shorts,UCuwJoiGWRxPYStBp0l0WuZw,60334104,3743894,14333,46.0,17100000,0.2834217940818347,1665221270.3999999,36200462.4
2022-01-25T15:42:26Z,GiyN7E2sSx4,Minku going to a Birthday Party üòé‚ú® | @RajGrover005 | #shorts,UC6ylikHBX9_es8TIf0vmiUQ,60072268,3369279,0,37.0,14100000,0.23471729084708437,1333604349.6,36043360.8
2024-10-01T07:08:40Z,E8Lm9nThOzo,When your Mother is a Teacher üë©‚Äçüè´üòÇ #shorts #funnyshorts #ytshorts #teacherlife #school,UCW-V3lJDUSz_AccP6rPRUtA,58905367,1959227,2184,60.0,10700000,0.18164728521256815,2120593211.9999998,35343220.199999996
2024-11-29T09:02:22Z,v82LyTPTl58,Jab principal mam chutti par ho üë©‚Äçüè´üòÇ #shorts #ytshorts #sejalgabashorts #teacherlife #school,UCW-V3lJDUSz_AccP6rPRUtA,56452219,1473768,1505,56.0,10700000,0.18954082212428178,1896794558.3999999,33871331.4
2024-01-25T15:48:36Z,tgWMWgfGO3I,Manu ka ultimate vlog 3 ü•≥ü§£ #shorts #funny #vlog,UCVPP_lAuPWl_tBZ8R7rQPxQ,55818216,0,501,59.0,10700000,0.19169369368594655,1975964846.3999999,33490929.599999998
2024-10-06T05:58:56Z,kK0-qc17mVU,Jab apki mummy school m principal hoüë©‚Äçüè´üòÇ #shorts #sejalgabashorts #ytshorts #teacherlife,UCW-V3lJDUSz_AccP6rPRUtA,53723618,1794999,3032,60.0,10700000,0.19916752442100977,1934050247.9999998,32234170.799999997
2024-05-19T23:00:11Z,Gj2ztMwLr5Q,Time Flew By! üò≠ #shorts,UCVb7uI1uABY4teAN8i1Ir4g,53396027,2590104,12217,11.0,12600000,0.2359726127189201,352413778.2,32037616.2
2024-02-11T04:00:09Z,FQfxXbSowH4,EP-41 - Main Nahi Jaunga üòÇ | Maa aur Munna | #Shorts | Shorts Break,UCgJ5_1F6yJhYLnyMszUdmUg,52541838,2357449,3539,46.0,45600000,0.8678798027583275,1450154728.8,31525102.8
2024-08-17T16:27:34Z,s3Aqdn7YxH4,Biwi no.1üòÇ||funny videos||#youtubeshorts #comedy #funny #biwino1 #golu008 #funnyvideo,UCl1oiiVVTQkD2zq8beALVjA,51030433,1167368,3048,60.0,22500000,0.4409133663435699,1837095587.9999998,30618259.799999997
2023-03-24T09:51:24Z,kKFqXD95sUU,5 bhaiyo ki behen ko pta liyaüòÇüò∞|| Gulshan kalra #shorts,UC56dNUTok1pgvpY75CsJQ4Q,49324885,1960067,3236,60.0,40200000,0.8150044343742514,1775695860.0,29594931.0
2024-04-17T10:35:00Z,UdhTS9pbxn8,Happy Kanjak Poojan Day ‚ù§Ô∏è #priyalkukreja #shorts #ytshorts,UCzEAWIWMigRBbulQ6yVlilg,48112329,985978,1312,54.0,43100000,0.8958202792469265,1558839459.6,28867397.4
2023-08-26T05:15:00Z,3fy0yxOV85c,EP-29 - ‡§Æ‡§æ‡§Å ‡§∏‡•á ‡§™‡§Ç‡§ó‡§æ! üòÇ | Maa aur Munna | #Shorts | Shorts Break,UCgJ5_1F6yJhYLnyMszUdmUg,46791622,1950653,5741,30.0,45600000,0.9745334325020834,842249196.0,28074973.2
2024-11-11T08:06:58Z,upHNrkEZhOU,When your Mother is Principal üë©‚Äçüè´ #shorts #teacherlife #ytshorts #schoollife #sejalgabashorts,UCW-V3lJDUSz_AccP6rPRUtA,46535915,0,2187,60.0,10700000,0.22992993691001884,1675292940.0,27921549.0
2023-07-01T06:30:09Z,X0-nePUbWBA,Har Ghar Ki Kahaani üòÇ #priyalkukreja #shorts #ytshorts,UCzEAWIWMigRBbulQ6yVlilg,46402314,804707,1274,11.0,43100000,0.9288329888031015,306255272.4,27841388.4
2024-02-15T07:49:49Z,kyGvvYB5HD4,Types of Momo Lovers ‚ù§Ô∏è #shorts #relatable #momolovers #momos #foodlover,UC7wWPuKgh4VzRlrQyt0tBag,46011396,1148659,3289,37.0,380000,0.008258823531457293,1021452991.1999999,27606837.599999998
2023-03-29T12:26:43Z,-x-w2P3Moew,Topper aur backbencher ki ladaiüòÖ‚ù§Ô∏è #shorts,UC4DLvb5xZ9OLcVM1KC_R97g,45480417,2679327,1740,60.0,38800000,0.8531144294477335,1637295012.0,27288250.2
2024-10-21T06:15:32Z,Pw3EEGyaY0A,When Your Mother is Teacher üòÇüë©‚Äçüè´ #shorts #ytshorts #comedyvideos #teacherlife #teachermother,UCWuBZJIucBpe-SCWUBuKUlg,45386979,1086233,1085,60.0,5380000,0.1185361995562648,1633931244.0,27232187.4
2024-04-10T06:30:18Z,deG-PMBYrhg,Behan ka Birthday üòÖ‚ù§Ô∏è|| brother ~ sister love || Shubham ||tiyaa #shorts #trending #foryou #comedy,UCDHL1oPWMahHYTLADLrFqlg,44292827,1396775,3890,59.0,12100000,0.27318193078983194,1567966075.8,26575696.2
2024-08-22T07:46:00Z,Dr7IjOBXYtU,Tom üçì Jerry (Rithvi&amp;Kavi)Real End Twist üòÇüéà #shorts,UCL5nlHWXVLeOsSjKH2fhmsg,44333897,1007627,741,60.0,68400000,1.5428375267800167,1596020292.0,26600338.2
2022-07-26T04:35:00Z,3NQ7W1aKOkE,Smart Si ‡§™‡§§‡§Ç‡§ó ü§£ || #5stars #shorts #comedy TASLEEM HASAN,UCSbvlcLFtW2CieYrVZFke1A,42659630,1478250,401,60.0,2880000,0.06751113406281302,1535746680.0,25595778.0
2023-10-04T14:47:53Z,1xKZdSno77I,Chalak rikshawala üòé #shorts #funny,UC5apxzE3aEOpvP0XkeuW8mw,42492475,1571231,1010,60.0,30700000,0.7224808627880583,1529729100.0,25495485.0
2025-02-04T08:23:19Z,xDK-cxUGom8,Dancing Rat enters squid game #shorts #babyduck #squidgame,UCkHHRGuPLTSTbZTt-2TGB9Q,47606846,1146123,4215,21.0,4990000,0.10481685764270122,599846259.5999999,28564107.599999994
2023-12-23T13:31:40Z,JAAh0irE3PY,GIRLS POWERüí™ #albumcreation #shortvideo #shorts #youtubeshorts #ytshorts #trending,UCKKeYjyawCvlt3EuhfxVwmQ,41175302,967312,1905,60.0,15100000,0.3667246933610833,1482310872.0,24705181.2
2025-01-13T08:30:46Z,-f9HoX7eKo4,Bhai behen ü•∫üíîüòû|| Gulshan Kalra || #shorts,UC56dNUTok1pgvpY75CsJQ4Q,41467054,1057199,788,60.0,40200000,0.9694443207853637,1492813944.0,24880232.4
2023-11-01T07:21:26Z,gjakolZmAB8,Mummy mere muh se nikal gai part 3 üòÇüåõ #maimohini #shortsbeta #shorts #relatable #karwachauth,UCNoiFheeg1nzhWmFwGbtyYQ,40104564,1506560,1497,61.0,6210000,0.15484521911271745,1467827042.3999999,24062738.4
2022-09-23T14:57:32Z,tYgJBjMdAxw,Indian moms‚Äô urgeüò≠üòÇ | Raj Grover | #shorts,UC6ylikHBX9_es8TIf0vmiUQ,39713396,0,6960,59.0,14100000,0.35504392522865585,1405854218.3999999,23828037.599999998
2024-09-04T07:28:21Z,SNcMveI9Mnk,Tuition wali didi ka happy birthdayüéÇüòÇ #shorts #funnyshorts #comedyshorts #ytshorts #teacherlife,UCW-V3lJDUSz_AccP6rPRUtA,38439488,883260,1154,60.0,10700000,0.27835958689147994,1383821568.0,23063692.8
2023-07-19T06:36:31Z,esWFnrffogo,Gareeb bana ameerü•π‚ù§Ô∏è #shorts #unknownboyvarun,UC4DLvb5xZ9OLcVM1KC_R97g,37834102,1729939,1894,59.0,38800000,1.0255298249182707,1339327210.8,22700461.2
2022-12-29T16:30:04Z,cR1m6bsnTeE,I got super high in Fortnite,UCWWwXggCAv3pm7gR-i88P2Q,37728719,1510424,4279,58.0,1090000,0.02889045875106441,1312959421.1999998,22637231.4
2024-09-30T07:55:00Z,jE_oI8DiGyo,Tom üçì Jerry (Rithvi&amp;Kavi)Real End Twist üòÇüéà #shorts,UCL5nlHWXVLeOsSjKH2fhmsg,37648298,877406,1468,60.0,68400000,1.8168151983922354,1355338728.0,22588978.8
2022-12-21T12:03:46Z,8nn6oqLMYmA,Apko khane main kya pasand hai?üòÅüòÇ kaha se ho?üòÇ Salman Noman‚ù§Ô∏è #shorts #shinewithshorts,UCXTyWqKtLLzaom6XwaJu7xw,37173555,967330,1157,60.0,22100000,0.5945086500336059,1338247980.0,22304133.0
2023-09-27T12:00:04Z,2-20mRKLE3g,Teacher Ka Beta | School Life - Part 03 | Anaysa Shorts,UCa43NrBoxm_RnwLDdnh-KdA,36741588,939954,800,57.0,5480000,0.14914978634020937,1256562309.6000001,22044952.8
2024-05-15T14:34:54Z,cdHZqqECcpo,Or kro love marriageü•≤üòÇ #shorts #funnyshorts #trendingshorts #viralshorts #ytshorts #bestfriend,UCW-V3lJDUSz_AccP6rPRUtA,36704601,785002,881,58.0,10700000,0.29151658670802605,1277320114.8,22022760.599999998
2024-12-10T09:24:50Z,IdfukfHa8GI,When your Mother is a Teacher üë©‚Äçüè´ #shorts #ytshorts #sejalgabashorts #teacherlife,UCW-V3lJDUSz_AccP6rPRUtA,36296827,1138927,827,53.0,10700000,0.2947916080929058,1154239098.6,21778096.2
2022-12-05T10:22:10Z,UMA4pHVD-Qo,Pariwar Ki nok jhoküòÇ‚ù§Ô∏è|| End miss mat karna || Gulshan kalra #shorts,UC56dNUTok1pgvpY75CsJQ4Q,36220707,2376825,960,60.0,40200000,1.1098623778933967,1303945452.0,21732424.2
2024-08-18T03:30:12Z,VcATLizeypU,Part 100 - Kuch Rishte Hote Jarur Hai Lekin Dikhte Nahi üòä | #shorts | Shorts Break,UCgJ5_1F6yJhYLnyMszUdmUg,35825872,1951420,1843,60.0,45600000,1.272823170919608,1289731392.0,21495523.2
2024-07-20T06:11:32Z,DlKHA_ffNmI,Momos wali ‡§≤‡§°‡§º‡§ï‡•Ä üëÄüòÇ #shorts #funnyshorts #comedyshorts #momosshorts #momos #ytshortsviral,UCW-V3lJDUSz_AccP6rPRUtA,34976765,754710,1307,45.0,10700000,0.30591737114624523,944372655.0,20986059.0
2022-08-04T08:54:57Z,Kbc8WnErmio,Girls vs boys on new dress üòÇ‚ô•Ô∏è | Raj Grover | #shorts,UC6ylikHBX9_es8TIf0vmiUQ,34939754,2372541,4021,50.0,14100000,0.40355178230505,1048192619.9999999,20963852.4
2025-01-02T08:00:31Z,XWjFZEClCok,End miss mat karna üòÇü§£|| Gulshan kalra || #shorts,UC56dNUTok1pgvpY75CsJQ4Q,34513136,877757,586,60.0,40200000,1.1647738994219476,1242472895.9999998,20707881.599999998
2025-02-09T08:25:00Z,A2clz7MwS84,Maggi Challenge With An Electric Carüò±#shorts,UCglXlpWjIi95auM3umWWLdw,33307747,1798904,988,57.0,17600000,0.528405598853624,1139124947.3999999,19984648.2
2022-12-31T13:32:07Z,7VaeH3WcpKM,Wanna be cool minkuüòÇ‚ô•Ô∏è | Raj Grover | #shorts,UC6ylikHBX9_es8TIf0vmiUQ,32733781,2022466,3907,36.0,14100000,0.4307476731759157,707049669.5999999,19640268.599999998
2024-12-13T08:21:00Z,WSzVibQIGG8,Tom üçì Jerry (Rithvi&amp;Kavi)Real End Twist üòÇüéà #shorts,UCL5nlHWXVLeOsSjKH2fhmsg,32164269,832740,603,60.0,68400000,2.1265833835676475,1157913684.0,19298561.4
2024-07-12T11:32:05Z,FtjMbyJHVKY,amaira ke piche y kon pad gya #shorts #thegeetagurjar,UCUL9We-R1aCC3GAe-RvOx5g,31910589,425339,174,22.0,33500000,1.0498082627055239,421219774.79999995,19146353.4
2024-08-18T08:19:07Z,_VGUINj5YJI,amaira ko kuch pasand nhi hüòù #shorts #thegeetagurjar,UCUL9We-R1aCC3GAe-RvOx5g,31822819,462024,327,13.0,33500000,1.0527037218167252,248217988.2,19093691.4
2022-12-16T10:59:10Z,Ap9RhRVLrVY,Mardhal intiki vastey part -4 #shorts #prashubaby #comedy,UCL0pM5-vrLp3Oy9PXzpqXpA,30490832,1431947,841,59.0,11500000,0.3771625516811086,1079375452.8,18294499.2
2023-05-22T11:31:36Z,siJ3BLnwO2w,Cycle Ammesnam üòÇüòÇüòÇ #GalatShot #DoraSaiTeja #TejIndia #Shorts,UC9cpaBjhse6B76HP_gn4Rew,30381169,1098785,1526,25.0,1190000,0.03916899971821361,455717534.99999994,18228701.4
2024-04-11T11:30:18Z,O97mXyTbUGM,Trip to Patiala ü§© Mini Vlog #priyalkukreja #shorts #ytshorts,UCzEAWIWMigRBbulQ6yVlilg,30224534,620144,1439,58.0,43100000,1.4259938631311901,1051813783.1999999,18134720.4
2024-06-06T14:51:37Z,vCcSWRzmi5Q,SajnaüòçMegha Bride Entry Dance‚ô•Ô∏è #shorts #trendingshorts #dance #bride #meghachaube,UCD_8aQNFgk3MxQMt6J0_QVA,28976013,1137868,4811,34.0,5800000,0.20016556453091044,591110665.2,17385607.8
2022-07-21T08:50:13Z,Sj9GSUDdiO8,Minku vs Mom üíÄüòÇ | Raj Grover | #shorts,UC6ylikHBX9_es8TIf0vmiUQ,28839561,0,0,46.0,14100000,0.4889117417564019,795971883.5999999,17303736.599999998
2024-08-29T13:49:04Z,MKR1673lMrw,Ap kese dawai lete ho btao comments müòÇ #shorts #funnyshorts #comedyshorts #ytshorts,UCW-V3lJDUSz_AccP6rPRUtA,28311764,642980,5650,49.0,10700000,0.3779347694477815,832365861.5999999,16987058.4
2022-06-04T19:58:08Z,OIYLtU7nnOs,7 Cosas Que Todos Odiamos Que Nos Pasen Parte 2 üò° #shorts,UCD5dXej6wC856yigcC-HpeA,27483793,2205654,5008,60.0,12400000,0.45117498883796714,989416547.9999999,16490275.799999999
2025-02-12T08:37:09Z,9rZa72kmA8w,Teacher VS principal ki beti bani dost üëßüèº #shorts #ytshorts #sejalgabashorts #schoollife,UCW-V3lJDUSz_AccP6rPRUtA,27493291,873286,1080,61.0,10700000,0.3891858562876303,1006254450.6,16495974.6
2023-11-14T06:54:27Z,lo-r6u_MWUY,Post Diwali Scenesü•∫üíî | Raj Grover | #shorts,UC6ylikHBX9_es8TIf0vmiUQ,26964643,1445209,7061,59.0,14100000,0.5229069785941538,954548362.1999999,16178785.799999999
2023-04-26T13:54:35Z,LRxBumJsfPA,Spicy Momosü•üBattameez Bachaüò°üíî #shorts #trendingshorts #foodlover #comedy #viral #meghachaube,UCAugBD4C-716-q4vGxzaF2g,26783790,1119241,645,32.0,11900000,0.4442985850770186,514248768.0,16070274.0
2024-07-24T09:27:04Z,yHBZd4ZmD08,amaira n li pdai ki chizeü§£ #shorts #thegeetagurjar,UCUL9We-R1aCC3GAe-RvOx5g,26635225,331351,202,16.0,33500000,1.25773294575135,255698160.0,15981135.0
2022-05-27T06:54:22Z,JVHruaizJT4,Mujhe exams dene hain üò≠üòÇ | Raj Grover | #shorts,UC6ylikHBX9_es8TIf0vmiUQ,26346987,2044783,3264,60.0,14100000,0.535165558019974,948491532.0,15808192.2
2022-05-20T06:36:32Z,5D6_qa7_G1o,Biggest problem after 10th class üòÇü§¶üèª‚Äç‚ôÇÔ∏è | Raj Grover | #shorts,UC6ylikHBX9_es8TIf0vmiUQ,26333451,1734273,5398,48.0,14100000,0.5354406454361033,758403388.8,15800070.6
2024-12-23T09:05:00Z,MIpj9cDPn4M,Bhootnath..!! üßü‚Äç‚ôÇÔ∏èüò∞‚ò†Ô∏è (part-1) | Simran Makhija |#shorts #school #schoollife #comedy #funny,UC-e10tRE8eoiAwLlm8BQbIQ,26372158,688310,949,58.0,12100000,0.4588172116972756,917751098.4,15823294.799999999
2023-09-26T11:45:03Z,VDe4kMjoXHA,amaira or meri dress unboxing video #thegeetagurjar #shorts,UCUL9We-R1aCC3GAe-RvOx5g,25158679,374119,0,25.0,33500000,1.331548448946783,377380185.0,15095207.4
2023-12-04T14:04:47Z,kIy_ZaowJP4,amaira ki mosi aj a gyiüòç #thegeetagurjar #shorts,UCUL9We-R1aCC3GAe-RvOx5g,24951556,450895,268,30.0,33500000,1.3426016397534486,449128008.0,14970933.6
2023-08-14T12:00:31Z,SQeMmlZx4Yg,Girls On Independence Day | Girls Problem - Part 40 | Anaysa Shorts  #trendingshorts,UCa43NrBoxm_RnwLDdnh-KdA,24848315,545821,334,58.0,5480000,0.2205380928244028,864721362.0,14908989.0
2023-03-08T18:57:40Z,ACilwqV4ibQ,Finally gets caught in 4k‚Ä¶üíÄüòÇ #viral #shorts,UCzY_sIOOHeCobumpqJrjdig,24494760,1280780,3670,42.0,13200000,0.5388907668415612,617267952.0,14696856.0
2024-01-04T12:58:25Z,fcNJ_2Ui62Q,Best Travel Accessories ü§©ü§© #telugu  #viral #travel #trending #shorts,UC85MIJMcZNnhxx84BZMlJgg,24392818,585562,382,46.0,4240000,0.17382165521015244,673241776.8,14635690.799999999
2024-08-02T13:03:00Z,2tM5F_X9ztA,24 Hours Only Blue Food Challenge üòéüî• | Mini Vlog | #shorts #minivlog #tranding #ashortaday #vlog,UC28haopD28ljl7lVEKkw1PA,24529837,0,2788,60.0,5770000,0.23522373997022483,883074132.0,14717902.2
2024-12-09T08:20:00Z,AwDgJJcoYz4,Tom üçì Jerry (Rithvi&amp;Kavi)Real End Twist üòÇüéà #shorts,UCL5nlHWXVLeOsSjKH2fhmsg,24265283,661047,641,60.0,68400000,2.818842046886492,873550187.9999999,14559169.799999999
2024-11-18T08:20:00Z,3E8MvmC0kBY,Tom üçì Jerry (Rithvi&amp;Kavi)Real End Twist üòÇüéà #shorts,UCL5nlHWXVLeOsSjKH2fhmsg,23821591,865133,669,60.0,68400000,2.8713447393165303,857577276.0,14292954.6
2024-01-27T06:40:00Z,0fJz0KqE9ws,LIVING LIKE SUMMERS IN WINTERS FOR 24 HOURS #shorts,UCVfreboc3AkoV1PQk54lKkg,23552078,1132427,2949,57.0,6150000,0.26112345585812,805481067.5999999,14131246.799999999
2024-10-08T07:38:38Z,sunNFut0LA8,Tuition wali didi ka New gharüè†üòÇ #shorts #ytshorts #sejalgabashorts #tuition #teacherlife,UCW-V3lJDUSz_AccP6rPRUtA,22954883,544019,1042,61.0,10700000,0.46613175941693974,840148717.8,13772929.799999999
2024-11-03T07:13:54Z,_xUgfcPMQoo,Cooking Ramen At 3AM #minivlog #asmr #ytshorts #shorts,UCH9aPskONv7sraQfL-UDxNQ,22958406,902077,3819,60.0,8520000,0.3711059034324944,826502616.0,13775043.6
2024-12-19T08:20:00Z,PUG0XvQdqjk,Tom üçì Jerry (Rithvi&amp;Kavi)Real End Twist üòÇüéà #shorts,UCL5nlHWXVLeOsSjKH2fhmsg,22745018,757752,904,60.0,68400000,3.0072519617262996,818820647.9999999,13647010.799999999
2025-01-13T08:00:40Z,lyP8SgzDTxc,I try soft ice recipe #shorts,UC2YEFur8hvU8XDkw74yVOxA,22995386,789450,3263,60.0,1300000,0.05653308015790646,827833896.0,13797231.6
2024-10-25T12:01:20Z,ugtZIRGk2ag,Baccho Ka Makeup ü•µüòç Day 352 #minivlog #ashortaday #tranding #shorts,UCbnbANjBfR4Ab6Z03SuS1kQ,22707410,388049,660,57.0,2570000,0.1131789138435427,776593422.0,13624446.0
2024-08-30T08:25:19Z,4qetwGbpe-U,Teachers in 1 period VS in last periodüë©‚Äçüè´üòÇ #shorts #funnyshorts #ytshorts #teacherlife,UCW-V3lJDUSz_AccP6rPRUtA,22442048,536964,1109,28.0,10700000,0.47678358053596537,377026406.4,13465228.799999999
2024-11-21T06:50:09Z,2lvu83K8BBQ,Gangster‚ùå Elder Sibling‚úÖ | Raj Grover | #shorts,UC6ylikHBX9_es8TIf0vmiUQ,22435743,1142914,1744,61.0,14100000,0.6284614688267735,821148193.8,13461445.799999999
2024-03-18T11:49:35Z,3nhIan4fjYg,I‚Äôm in Double Trouble üßìüèªü©¥üò¨ #shorts #comedy #relationship,UCR1Jltq7vMzGQVtRd-DR5AA,22200986,1058614,4378,22.0,10700000,0.4819605759852288,293053015.2,13320591.6
2024-11-06T08:08:45Z,xzmM0i8Vp2Q,Har School m aisi teachers jarur hoti hai üë©‚Äçüè´ #shorts #funnyshorts #teacherlife #ytshorts,UCW-V3lJDUSz_AccP6rPRUtA,22227213,708297,1187,61.0,10700000,0.48139188660314725,813515995.8,13336327.799999999
2024-12-01T08:39:11Z,HpEn7kuy1MA,Tag your school bestfriend üë©‚Äçüè´ #shorts #ytshorts #sejalgabashorts #teacherlife,UCW-V3lJDUSz_AccP6rPRUtA,22089425,839773,785,61.0,10700000,0.48439468207071934,808472955.0,13253655.0
2024-09-23T14:00:07Z,7EzN8-jeGx0,When my Mom took ‚ÄúKuch Bhi‚Äù too seriously üòÇ #priyalkukreja #shorts,UCzEAWIWMigRBbulQ6yVlilg,21658267,403906,991,43.0,43100000,1.9900022471788716,558783288.6,12994960.200000001
2025-02-09T08:30:16Z,omHqKGyeKF4,I Accidently Injured My Hand #shorts,UCu6eDhSb-UJq7_vLgKe4vHw,21741794,559100,1283,53.0,9350000,0.4300473088835264,691389049.2,13045076.4
2023-04-29T14:53:17Z,bkT6iHqDEic,Amaira n ki party #shorts #thegeetagurjar,UCUL9We-R1aCC3GAe-RvOx5g,21328034,418832,284,40.0,33500000,1.570702672360706,511872816.0,12796820.4
2024-06-26T13:01:06Z,ty3KUa0MVMM,Daughter vs wifeüíïüòúDon&#39;t miss the endüòçüòò #shorts #funny #love | With Love Nagaraj Sangeetha,UCMWv9WrCkZJcxzsOWeZfEkg,21061038,823673,755,58.0,9080000,0.4311278484944569,732924122.4,12636622.799999999
2024-04-30T07:29:00Z,cUv0bCisorI,Tom üçì Jerry (Rithvi&amp;Kavi)Real End Twist üòÇüéà #shorts,UCL5nlHWXVLeOsSjKH2fhmsg,20976442,426929,374,60.0,68400000,3.26080085459679,755151912.0,12585865.2
2025-01-26T08:21:00Z,W4Nl-Vt3Jb0,Tom üçì Jerry (Rithvi&amp;Kavi)Real End Twist üòÇüéà #shorts,UCL5nlHWXVLeOsSjKH2fhmsg,20854619,564733,641,60.0,68400000,3.279848938980856,750766284.0,12512771.4
2024-08-28T03:32:25Z,VK_IEbutC-4,Keep trying üßò‚Äç‚ôÄÔ∏è‚úÖ.#shorts #viralvideos #shortsvideo #fitnessmotivation,UCsHMisa0rzfi5xSWLhp2r6A,20705369,403896,1474,17.0,1010000,0.048779618465143025,211194763.8,12423221.4
2025-02-06T01:30:40Z,vPRvz-Jq5lI,Surajactor new shorts #surajactor,UC2fvyma9iKsjN9EZW_FWW1A,20471135,825651,1006,54.0,35200000,1.7194943025875213,663264774.0,12282681.0
2022-11-21T12:29:02Z,d5QwXHDuhMs,Coolest marvel transition ever ü•∂ Wait for it #shorts #marvel #transition,UC-uAyciaXWWYtIhmLDnG07A,20236483,1342427,9005,40.0,4530000,0.22385312704781754,485675591.99999994,12141889.799999999
2025-02-08T07:04:00Z,iTyHdG_Y5XY,I FILLED MY BROTHER&#39;S GAMING ROOM WITH BALLOONS #shorts,UCVfreboc3AkoV1PQk54lKkg,20209153,564024,1066,45.0,6150000,0.3043175535362615,545647131.0,12125491.8
2024-06-03T14:39:17Z,KlDZuZvvzGk,The multitalented bhikahri üòé #shorts #funny,UC5apxzE3aEOpvP0XkeuW8mw,20082359,1031706,526,60.0,30700000,1.5287048697814833,722964924.0,12049415.4
2024-09-14T09:34:05Z,SXGp5_wREG4,Every student in sports period‚õπÔ∏èüòÇ #shorts #funnyshorts #comedyshorts #ytshorts #teacherlife,UCW-V3lJDUSz_AccP6rPRUtA,19993367,515377,2147,50.0,10700000,0.5351774916150941,599801010.0,11996020.2
2025-02-07T16:57:25Z,EzrTmhLz0l8,Hindi teacher vs Students of Kalyug üóø | Kuldeep Singhaniaa #shorts,UCnYKRFQRndE3Wq1eLRQLfWw,19842007,856074,1830,57.0,12200000,0.6148571563350421,678596639.4,11905204.2
2024-01-03T09:30:11Z,Og9fu-2UmDA,SHADI VS NIKAH DRESS LOOK CHALLENGE üòÄ#shortvideo #ashortaday #youtubeshorts #ytshorts #shorts,UClGcTNKu6bc0NeO0vQenwpw,19293879,632959,2455,46.0,2950000,0.15289823264673735,532511060.40000004,11576327.4
2024-10-04T14:30:10Z,N-10pYpfcUc,My Sister did my makeup for Navratri | Real Payal  #shorts #makeup #fashion #navratri,UC2aE9o5CPNK5MaXipSOiBUg,19248534,492096,3793,60.0,1070000,0.05558864898490451,692947224.0,11549120.4
2023-10-15T07:56:55Z,bpArpR6eCJs,Aapne aaj navratri fast rakha? #maimohini #shorts #navratri #navratrispecial #relatable #comedy,UCNoiFheeg1nzhWmFwGbtyYQ,18946830,464217,780,43.0,6210000,0.32775931382716794,488828214.0,11368098.0
2024-10-08T06:05:53Z,X5D1hYbYTec,When Your Mother is a Teacher ü§£ #shorts #teacherslife #teachermom #teratrigun,UCWuBZJIucBpe-SCWUBuKUlg,18870177,549614,815,61.0,5380000,0.2851059637649398,690648478.1999999,11322106.2
2024-01-27T00:00:34Z,xM3hdOY0taY,Kotha Janta Part-208 #PravallikaRichhakka #Shorts,UCjZQyGJeZv68zMIJOXk0vmA,18761653,632763,262,59.0,5420000,0.28888712524424154,664162516.1999999,11256991.799999999
2021-09-05T17:31:25Z,a8D5my2UcAg,School Days | Tena Jaiin | The Paayal Jain #shorts,UCgN55-McINV9y4noG-0QKVg,18667201,1131081,714,47.0,13100000,0.701765626244663,526415068.2,11200320.6
2023-04-03T12:00:44Z,vXgvr_-pf1o,1 Lakh Ke Earrings üî• | Parlour Wali Didi - Part 60 | Anaysa Shorts,UCa43NrBoxm_RnwLDdnh-KdA,18663162,826127,452,58.0,5480000,0.29362655695749734,649478037.5999999,11197897.2
2024-10-23T05:41:33Z,wIF4paR21D4,Holding susu at friend‚Äôs house #shorts #comedy #friends #friendship #funny #fun #nostalgia #explore,UCQPTbtadNWcPYuoS3JqkpYw,18014115,478476,675,56.0,3310000,0.18374480233972082,605274264.0,10808469.0
2024-09-06T06:33:42Z,9Es5VmEhFfc,When you skip Teacher‚Äôs Day #shorts #school #schooldays #comedy #friends #funny #explore,UCQPTbtadNWcPYuoS3JqkpYw,18014613,619570,643,61.0,3310000,0.18373972285721596,659334835.8,10808767.799999999
2025-02-01T08:39:49Z,2ZNVRyWoZM4,Tag your badi behen ü•π‚ù§Ô∏è #shorts #ytshorts #sejalgabashorts #viralshort,UCW-V3lJDUSz_AccP6rPRUtA,18367151,624299,2579,65.0,10700000,0.5825617701950618,716318889.0,11020290.6
2024-12-02T09:11:05Z,KeDrrLrN3gM,That one Chugalkhor teacher in every school üë©‚Äçüè´ #shorts #ytshorts #teacherlife #sejalgabashorts,UCW-V3lJDUSz_AccP6rPRUtA,17911234,519639,766,54.0,10700000,0.5973904422219039,580323981.6,10746740.4
2022-08-11T12:05:28Z,r3I-lfiZHmU,BORONG JAJANAN SD PERNAH NYOBAIN SEMUA? | JESSICA EFFENDY #shorts,UCmh5prISlHkcxt19bGVL-Hg,17740912,731756,2349,60.0,1200000,0.06764026561881373,638672832.0,10644547.2
2025-01-25T08:37:43Z,24ii2EqDlpc,Tag your School Bestfriend üè´‚ù§Ô∏è #shorts #ytshorts #teacherlife #sejalgabashorts #schoollife,UCW-V3lJDUSz_AccP6rPRUtA,17490721,585840,7593,59.0,10700000,0.6117529403161825,619171523.4,10494432.6
2024-06-13T16:11:46Z,Brb9HGN5SXQ,Har Dance teacher ki kahani ü•≤üíÉüèª #shorts #funnyshorts #comedyshorts #trendingshorts #dancevideo,UCW-V3lJDUSz_AccP6rPRUtA,17160273,379225,477,53.0,10700000,0.6235332036967011,545696681.4,10296163.799999999
2025-01-16T20:18:55Z,lLygHXzpWR4,I Tricked My Little Brother... #shorts #invideoaipartner,UCR4ZpFWX29p4YCajQA5fcfQ,16855471,553094,3258,74.0,1710000,0.10145073964411912,748382912.4,10113282.6
2023-05-07T12:00:00Z,-C8AJgf69Xc,Weird Things Girls Do  | Girls Problem - Part 16 | Anaysa Shorts,UCa43NrBoxm_RnwLDdnh-KdA,16086174,470398,590,50.0,5480000,0.3406652197097955,482585220.0,9651704.4
2024-10-27T08:11:35Z,48KURKpjOgs,Students on Diwali ü™î #shorts #funnyshorts #ytshorts #diwali #school,UCW-V3lJDUSz_AccP6rPRUtA,16088287,457068,773,60.0,10700000,0.6650801294134049,579178332.0,9652972.2
2024-11-20T07:56:01Z,ENSPurxfuug,When your Mother is a Teacher üë©‚Äçüè´ #shorts #ytshorts #teacherlife #sejalgabashorts #school,UCW-V3lJDUSz_AccP6rPRUtA,15901077,579416,660,61.0,10700000,0.6729103946858442,581979418.1999999,9540646.2
2024-09-24T08:50:31Z,TNRD8tUxZ40,Kya apne bhi kiya hai apne school time m aisa üë©‚Äçüè´üòÇ #shorts #funnyshorts #ytshorts #school,UCW-V3lJDUSz_AccP6rPRUtA,15813044,412670,619,60.0,10700000,0.6766565627718484,569269584.0,9487826.4
2024-10-18T13:52:00Z,EN6nfrT2Y0c,Mummy Ne Dukan Se Bhi Ache Momos Banaye ü§§üòã #shorts #minivlog #ashortaday #vlog #tranding #momos,UC28haopD28ljl7lVEKkw1PA,15755946,0,1107,57.0,5770000,0.3662109529951423,538853353.1999999,9453567.6
2024-03-01T08:14:58Z,ZlURhMb4DL4,You can see how many crush you have #funnyshorts #ytshorts #shorts,UCxGzpNf5XOnSQOYC2nbMiyQ,15637048,723655,952,59.0,18900000,1.2086680299248298,553551499.1999999,9382228.799999999
2023-06-17T00:00:29Z,m71JThKCObU,Kotha Janta part-26 #comedy #emotional #shorts,UCjZQyGJeZv68zMIJOXk0vmA,15545032,475775,280,59.0,5420000,0.3486644479085022,550294132.8,9327019.2
2024-01-06T12:30:42Z,mje5xiY6oQQ,Zam zam electronics par chori üò®üò≥ || jaanvi patel #shorts | gulshan kalra,UCRqs0TZOqe5nrwP-BrdnCjg,15513249,516809,971,60.0,28500000,1.8371393381231746,558476964.0,9307949.4
2024-10-19T06:37:08Z,s6H6aIWFTyM,Beti ki paani barbaad karne ki aadatü•∞‚ù§Ô∏è #familylovestory #unknownboyvarun #shorts,UC4DLvb5xZ9OLcVM1KC_R97g,15470924,529153,804,60.0,38800000,2.5079303602034373,556953264.0,9282554.4
2024-11-21T06:29:13Z,RGnJyj7HnZY,Beti ne barbaad kar diyaüòÇü•∞‚ù§Ô∏è #familylovestory #unknownboyvarun #shorts,UC4DLvb5xZ9OLcVM1KC_R97g,15373553,452825,253,47.0,38800000,2.5238147616234192,433534194.59999996,9224131.799999999
2023-05-22T15:41:53Z,ebLxsgoIoj8,COMPREI UMA BANHEIRA #shorts,UC2KobNU2MO29TXUgI5_syhg,15369045,0,7270,60.0,6490000,0.42227737637569546,553285620.0,9221427.0
2024-11-14T08:20:00Z,JiX4S4anUEU,"Tom, üçì Jerry (Rithvi&amp;Kavi)Real End Twist üòÇüéà #shorts",UCL5nlHWXVLeOsSjKH2fhmsg,15115413,438266,300,60.0,68400000,4.525182342023999,544154867.9999999,9069247.799999999
2024-12-03T14:30:20Z,S4L_K6mBWzc,Smart panipuri waliüòÇ|| FunnyüòÇü§£|| Shorts || #shorts #comedy #funnyvideo #panipuri #trending,UCLLPsMLQiXL7y7r-OVkEGrA,15094006,401577,298,50.0,3640000,0.24115533013568433,452820180.0,9056403.6
2024-07-29T08:27:24Z,M_xvMqbEZI8,Sar dard is mandatoryüòÇ #comedy #funny #pony #hairstyle #girl #relatable #memes #schooldays #shorts,UC0qj-8F8p88c3zBStkxC0Gg,14753028,435777,1246,37.0,3840000,0.2602855495156655,327517221.59999996,8851816.799999999
2025-02-02T05:41:45Z,Af-JLKmL_ao,Surajactor new shorts #surajactor,UC2fvyma9iKsjN9EZW_FWW1A,14627306,468228,518,49.0,35200000,2.406458168031762,430042796.4,8776383.6
2023-02-27T12:31:29Z,ugHwQW0Dkss,Girls vs Boys before exams!üòÇ | Raj Grover | #shorts,UC6ylikHBX9_es8TIf0vmiUQ,14505134,914783,1557,57.0,14100000,0.9720696134210135,496075582.8,8703080.4
2022-06-03T00:07:36Z,VBO-_qqFNVc,#pov everytime you wear someone‚Äôs clothes you can see their secrets #shorts,UCBhNf3uDB4pFuww29O_wAJQ,14378234,1169529,1542,60.0,6010000,0.41799291901912294,517616424.0,8626940.4
2022-06-26T06:25:04Z,46iEB9CnnEA,Aditi Ke Paise Leke Bhaga Chor || Aditi Sharma Shorts,UCmrOZ0rAZzmwfHSaF1AAEJQ,14385767,573186,325,59.0,994000,0.06909607252779779,509256151.79999995,8631460.2
2024-07-30T00:00:26Z,vB8Xqal1Ecg,Milky Tuition Part-36 #shorts  #viralshorts  #richakka,UCjZQyGJeZv68zMIJOXk0vmA,13825937,262090,76,60.0,5420000,0.39201683039637747,497733731.99999994,8295562.199999999
2024-01-23T12:39:29Z,7xNbcpYzUeo,Who‚Äôs scared of Heights? üòõüëÄ #shorts #couple #relationship,UCR1Jltq7vMzGQVtRd-DR5AA,13846267,659695,1438,43.0,10700000,0.772771462517659,357233688.59999996,8307760.199999999
2025-02-09T10:37:58Z,OB6k_fA4OlA,Surajactor new shorts #surajactor,UC2fvyma9iKsjN9EZW_FWW1A,13494445,398194,391,58.0,35200000,2.6084807489303934,469606686.0,8096667.0
2024-03-09T12:00:02Z,0sg62rEYDSM,Aunty Ki Pitai - Chhapaak Chhapaak | Toxic Aunty Part - 06 | Anaysa Shorts,UCa43NrBoxm_RnwLDdnh-KdA,13187346,365762,328,57.0,5480000,0.4155498763739118,451007233.2,7912407.6
2022-12-22T14:05:01Z,WcdorEZEEww,ME PIDI√ì QUE LO MAQUILLE #shorts,UCGbHu0bRpEe1w1UhNJYS67A,13068091,1083591,907,42.0,18000000,1.3774008766850492,329315893.2,7840854.6
2024-12-12T09:49:12Z,cBHSbTMw-rw,‡¶∞‡¶æ‡¶ñ‡ßÄ‡¶ï‡ßá ‡¶ï‡¶£‡ßá‡¶∞ ‡¶∏‡¶æ‡¶ú‡ßá ‡¶¶‡ßá‡¶ñ‡ßá ‡¶Æ‡¶ø‡¶∑‡ßç‡¶ü‡¶ø ‡¶Ø‡¶æ ‡¶¨‡¶≤‡¶≤‡ßãüòúüòú #shorts #funny #comedy #viralvideo #misti,UCt0d4N2SuZgXQK60PxjGv-A,13121359,308185,666,52.0,5150000,0.39248983279856914,409386400.79999995,7872815.399999999
2024-08-31T15:46:39Z,o39XxNLe9sM,amaira bhot chalak h #shorts #thegeetagurjar,UCUL9We-R1aCC3GAe-RvOx5g,13235530,196846,131,15.0,33500000,2.531066001890366,119119770.0,7941318.0
2022-12-22T14:05:01Z,WcdorEZEEww,ME PIDI√ì QUE LO MAQUILLE #shorts,UCGbHu0bRpEe1w1UhNJYS67A,13068091,1083591,907,42.0,18000000,1.3774008766850492,329315893.2,7840854.6
2024-12-12T09:49:12Z,cBHSbTMw-rw,‡¶∞‡¶æ‡¶ñ‡ßÄ‡¶ï‡ßá ‡¶ï‡¶£‡ßá‡¶∞ ‡¶∏‡¶æ‡¶ú‡ßá ‡¶¶‡ßá‡¶ñ‡ßá ‡¶Æ‡¶ø‡¶∑‡ßç‡¶ü‡¶ø ‡¶Ø‡¶æ ‡¶¨‡¶≤‡¶≤‡ßãüòúüòú #shorts #funny #comedy #viralvideo #misti,UCt0d4N2SuZgXQK60PxjGv-A,13121359,308185,666,52.0,5150000,0.39248983279856914,409386400.79999995,7872815.399999999
2024-02-07T00:00:13Z,PrXPjDeWFbA,Kotha Janta Part-217 #PravallikaRichhakka #Shorts,UCjZQyGJeZv68zMIJOXk0vmA,13101928,361133,210,59.0,5420000,0.4136795744870526,463808251.2,7861156.8
2024-04-09T21:00:07Z,GbachunvXJk,ELA VIROU DOS ROSA? ü•≤#shorts,UC8EUFyd21vSqrYXEF6KVHDg,12731722,487985,6335,57.0,3550000,0.27883109606069,435424892.4,7639033.199999999
2024-11-19T19:24:16Z,PfofXCl4_wU,Reviewing VIRAL TABA SQUISHIES! üò±üò≥üç¶*so satisfying*,UCsUGQ3eJjYOv00609MFs1wQ,12653995,370269,2185,35.0,3250000,0.2568358846356427,265733895.0,7592397.0
2023-09-27T13:48:21Z,zQXJhGvPYNY,Anna New TEA Shop‚ù§Ô∏è #shorts #shortsvideo #shortsfeed #youtubeshorts #viral #food #trending #love,UC2ViPu8EVMP8Eo1Ob7yWEkg,12500199,645484,807,59.0,10200000,0.815987009486809,442507044.59999996,7500119.399999999
2024-11-09T04:30:19Z,lHUBoqtEHww,HKR Baking Academy üéÇ #mariakhan #shorts @creamycreationbyhkr602,UCmt6ANTxFIZL8XhLprxgJmQ,12550111,555766,1657,60.0,5100000,0.40637090779515816,451803996.0,7530066.6
2025-02-24T20:53:07Z,wU6oIyJ7hO8,Turning Oak Wood into Cookies (and a Serving Platter) #shorts #wood #woodworking,UCWjxOXQaHl4R_pEwFgJgEsw,12249714,1116443,8692,140.0,1610000,0.13143163995502263,1028975975.9999999,7349828.399999999
2025-01-23T14:30:59Z,Vmoc-j-45SM,The End üòÇüòÇ |Indian family #shorts #indian #relatable #chotabhai #school,UC8FqLpnbxRNpNmDuxNHuHHA,12131833,363989,621,56.0,7680000,0.633045311454584,407629588.8,7279099.8
2025-01-25T09:27:00Z,xfQurVsYQ4U,Tom üçì Jerry (Rithvi&amp;Kavi)Real End Twist üòÇüéà #shorts,UCL5nlHWXVLeOsSjKH2fhmsg,12147752,438065,2192,55.0,68400000,5.630671419699711,400875816.0,7288651.2
2025-02-01T13:25:00Z,ivOef4ukKSo,Best Paper Kite üíÄü™Å | Mini Vlog #shorts #minivlog #ashortaday #vlog #tranding #cats #cat,UC28haopD28ljl7lVEKkw1PA,12018713,0,354,41.0,5770000,0.48008468127993403,295660339.8,7211227.800000001
2024-09-30T18:30:39Z,ZRJQScylbkI,That chapri Girl  we all hate üòÇ #shorts #viral #explorepage,UCRLZWPMWyl_8AWgC1W0W6mA,11952983,342861,1625,49.0,1350000,0.11294251819817698,351417700.2,7171789.8
2023-09-25T13:19:53Z,O-2ThXJG-dw,Yes nenu undagalanu üòÖ #prashubaby #telugucomedy #prashucomedy #funny #shorts,UCL0pM5-vrLp3Oy9PXzpqXpA,11951718,471088,748,50.0,11500000,0.9622047642021004,358551540.0,7171030.8
2024-10-22T19:00:10Z,IfVRUYpNmHs,Capturaron a mi mam√° üò±ü©¥ #shorts,UCjFpmez1Qh6M8y857-TObeQ,11762783,480863,805,28.0,13200000,1.1221834152683086,197614754.4,7057669.8
2025-01-08T15:04:54Z,2ZsJHNVq7CY,DO YOU HAPPEN TO HAVE‚Ä¶??? #shorts #youtubeshorts,UCt38KUTj72UEdWUdmnZHwOw,11489072,459520,1882,60.0,9610000,0.8364470167825565,413606592.0,6893443.2
2025-02-12T17:00:52Z,mVvzXMAkoP4,ESTE NI√ëO BES√ì A MI HERMANITA !!,UCOnIJiQuk1fDSp6p1GCZy3A,11119489,476027,3675,55.0,60200000,5.413917851800564,366943136.99999994,6671693.3999999985
2024-12-30T11:33:52Z,KWe3u09xCkQ,Pushpa is Back üî• #comedy #funny #pushpa3 #aaganwadikebacche #shorts #trending #dhonisir #viral,UC5k3-qwva5_gxzaDGfqk0pw,11058667,241745,133,60.0,15300000,1.3835302211378642,398112012.0,6635200.2
2024-11-13T07:09:01Z,oYRMNxLerKM,Magical ü™Ñ school me hua üò±üòÇ || Jaanvi Patel #schoollife #shorts #comedyshorts,UCRqs0TZOqe5nrwP-BrdnCjg,11024077,266226,158,60.0,28500000,2.5852504477245577,396866772.0,6614446.2
2025-01-24T08:42:23Z,W-rSLVLGkWg,That Gunda Boys in School üòé #shorts #teratrigun #schoolstudent #gundaboys,UCWuBZJIucBpe-SCWUBuKUlg,10901201,332009,406,63.0,5380000,0.49352360350020147,412065397.79999995,6540720.6
2024-09-24T08:20:50Z,sKbuqzLR-fs,Khooni üî™ üò≥ || Jaanvi Patel #shorts,UCRqs0TZOqe5nrwP-BrdnCjg,10737150,370399,477,60.0,28500000,2.654335647727749,386537400.0,6442290.0
2024-12-26T12:30:17Z,Ca29c_kiRD0,LAPERRRRR MALEM MALEM MIEE LAGIII GASKEUN!! #shorts #itsmeissie,UCPOyt9Ii791y25bRdoCT8aQ,10757204,346388,3410,60.0,16400000,1.5245597276020795,387259343.99999994,6454322.399999999
2024-01-08T16:59:18Z,5q66DB8TktM,T√ºrsteher Jungs vs M√§dchenü§¨ü§£ | Lewinray #shorts,UCTdvynmLeTfcaqc4k40b-dA,10701852,371724,2213,35.0,1590000,0.1485724153165265,224738892.0,6421111.2
2025-01-26T03:30:27Z,uw0haNxdQFo,When She Loves Toxic Boyfriend üòÇ | #shorts | Shorts Break,UCgJ5_1F6yJhYLnyMszUdmUg,10674219,640010,1241,49.0,45600000,4.27197530798272,313822038.59999996,6404531.399999999
2025-01-08T07:36:58Z,pNWuF_R9Ccc,You get 1 Lakh Rupees Everytime Someone Lies to You #funnyshorts #ytshorts #shorts,UCxGzpNf5XOnSQOYC2nbMiyQ,10545870,506656,500,60.0,18900000,1.79217077396175,379651320.0,6327522.0
2024-02-29T12:50:00Z,Xy4-HkDUh3s,Kanna Thalli Kongu  Part - 2 #shorts #telugu #shortvideo #trending,UCSVCI39NFOcUJyaLiCaIF7w,10474452,441878,497,60.0,2950000,0.2816376455780216,377080272.0,6284671.2
2024-10-28T16:16:49Z,IQu3CFl7Fdw,üî¥ LIVE! NEW SPIDEY FULL EPISODES &amp; SHORTS | Marvel&#39;s Spidey and his Amazing Friends | @disneyjr,UCNcdbMyA59zE-Vk668bKWOg,10354517,24920,0,0.0,22800000,2.2019375698547794,0.0,
2025-01-20T08:21:00Z,vPSYZr4OLos,Tom üçì Jerry (Rithvi&amp;Kavi)Real End Twist üòÇüéà #shorts,UCL5nlHWXVLeOsSjKH2fhmsg,10240362,253342,370,60.0,68400000,6.679451370957394,368653032.0,6144217.2
2025-01-02T08:00:11Z,8cEyjRk3FmA,Kaalu ko aaye test me 0 number üòÇ || Jaanvi Patel #shorts #jaanvipatel,UCRqs0TZOqe5nrwP-BrdnCjg,9700614,225935,130,60.0,28500000,2.9379583601615322,349222103.99999994,5820368.399999999
2024-12-15T13:50:00Z,mffP7CY1X5k,Just Indian Things üòÇ #comedy #comedyvideo #shorts #youtubeshorts #funny #funnyvideo,UCet9FEXim3LTgRYf3I8F5nA,9717909,242296,267,40.0,1910000,0.19654433891076775,233229815.99999997,5830745.399999999
2024-02-19T13:21:22Z,agXaiNFSUJ4,üî•Ammu SCHOOL-la Villupaatu Functionü§™ SINGING Atrocitiesüòú #shorts || Ammu Times #ShopWithYoutube,UC2a3J_HBc7J7gm8DJc7UUEQ,9660101,300848,12012,60.0,2290000,0.23705756285570928,347763636.0,5796060.6
2025-02-11T03:30:14Z,K9af0y6dPaI,Nibba Nibbi Ka Valentine üòÖ | #shorts | Shorts Break,UCgJ5_1F6yJhYLnyMszUdmUg,9452571,491746,1147,56.0,45600000,4.8240843681576155,317606385.59999996,5671542.6
2025-01-12T20:17:57Z,Q4ctWhsFOeM,GRITOS EN EL TOBOGAN CON YOUTUBERS xd #SHORTS #ROBLOX,UC3t7_hgqy-7pccSWRVaTQIw,9487037,561476,28875,60.0,13900000,1.4651571402114274,341533332.0,5692222.2
2024-09-11T13:17:00Z,aTJzyhCAq00,Revenge üòÇüòÇüî• #yt #ytshorts #ytviral #shorts #shortvideo #funnyshorts #youtubeshorts #telugu,UC-v2u0YX-izEXVcs0lAIERQ,9391753,220148,101,59.0,1110000,0.1181887981934789,332468056.2,5635051.8
2024-10-02T06:24:53Z,INVSt2xAshc,The family manü•∞‚ù§Ô∏èüòÇ #familylovestory #unknownboyvarun #shorts,UC4DLvb5xZ9OLcVM1KC_R97g,9209703,402475,456,58.0,38800000,4.212948017976259,320497664.4,5525821.8
2024-11-24T08:23:58Z,wSncpI4w590,Jaadui goliyaüç¨üèêüèÄüéæ || Gulshan Kalra || #gulshankalra #comedy #funny #shorts,UC56dNUTok1pgvpY75CsJQ4Q,9208921,223718,128,60.0,40200000,4.365332268568706,331521156.0,5525352.6
2024-11-07T05:36:42Z,Obl_-0adPUc,Types of ‡¶≠‡¶æ‡¶∏‡¶æ‡¶® ‡¶°‡¶æ‡¶®‡ßç‡¶∏ #comedy #trending #trendingshorts #shorts #short #shortsvideo #shortsfeed,UCWM1mnHfE9-i-3T2eyPgWpg,9165531,195037,832,59.0,1960000,0.21384467522940023,324459797.4,5499318.6
2024-12-27T09:05:47Z,j-s0oa-lr-Q,Situation with toxic parentsüòû#emotionalstory #hearttouching #toxicparenting #shortsfeed #shorts #yt,UCw78nt8jHZYlRT4HVR6-ZWg,9052163,273550,4002,57.0,825000,0.09113843840416926,309583974.59999996,5431297.8
2025-02-08T13:50:00Z,CcWsptrwLmo,Just Indian Things üòÇ #comedy #comedyvideo #shorts #youtubeshorts #funny #funnyvideo,UCet9FEXim3LTgRYf3I8F5nA,8900801,289535,241,50.0,1910000,0.2145874287044503,267024029.99999997,5340480.6
2025-01-27T13:15:04Z,csXLGGxrDLc,Anaya se cake gir gaya #motivation #emotional #ytshorts #shorts #trend #humanity #shortsfeed,UCXuxRXMgcmKX2hg-GgQ5vdw,8851663,225596,148,60.0,9610000,1.0856716980752656,318659868.0,5310997.8
2024-11-12T12:15:06Z,wp5SATSC3CE,School Me Mobile check Dayüì±üìöüòÇ.. #shorts #school #friends  #youtubeshorts,UCRWVh0Dv3r1UW4Z3i1nqkMQ,8732730,312911,435,60.0,10800000,1.2367266593608184,314378280.0,5239638.0
2025-01-03T15:30:03Z,Bz_ihAFAfCs,Smith-‡¶è‡¶∞ ‡¶Ü‡¶ú‡¶¨ IDEAüí°ü§îü§£üòÇWatch Till END.. #trendingshorts #youtubeshorts #shorts #trending #youtube,UCu1BKTL7zTTdSWZTb-lJM_g,8649927,0,140,60.0,7900000,0.9133025053275016,311397372.0,5189956.2
2024-12-03T08:04:54Z,XnE9awYKQw0,When your parents not at home üè°üòÇ || Gulshan kalra #shorts,UC56dNUTok1pgvpY75CsJQ4Q,8351778,220403,312,60.0,40200000,4.813346331763129,300664008.0,5011066.8
2025-01-24T12:32:00Z,5zzUxtCoGOg,Meri Girlfriend ban gyi üíÄüòç | Mini Vlog #shorts #minivlog #ashortaday #vlog #tranding #cats #cat,UC28haopD28ljl7lVEKkw1PA,8179995,0,944,60.0,5770000,0.7053794042661395,294479820.0,4907997.0
2025-02-27T03:32:00Z,vPM5Z5zvIWY,Nibba Nibbi and iPhone üòÖ | #shorts | Shorts Break,UCgJ5_1F6yJhYLnyMszUdmUg,7940333,482974,1158,59.0,45600000,5.742832196080442,281087788.2,4764199.8
2025-01-29T02:23:33Z,rPFXGMi6Mew,#eljuegodelcalamar versi√≥n #bebe üë∂üèªüëºüèΩüë∂üèøüÜöü¶ë #sabiasque #shorts,UCdk1PtTed5bhyQNvGVwzLZg,8010702,234778,222,40.0,8760000,1.0935371207167612,192256848.0,4806421.2
2025-02-09T03:30:05Z,8tinQuFjKt0,Meri Kya Galti Hai üòÇ | Part 6 | #shorts | Shorts Break,UCgJ5_1F6yJhYLnyMszUdmUg,8009045,419763,327,18.0,45600000,5.693562715654613,86497686.0,4805427.0
2024-12-04T14:53:54Z,YTOwKRbhLU0,Wait for end #concept #reality #shorts #family #naveensamrat,UC9SQ0p_HYjX1IDENQe8DAGA,7742019,259425,396,60.0,2240000,0.2893302121836694,278712683.99999994,4645211.399999999
2025-02-09T03:21:06Z,iF9QH6yv5n0,Yo amo las uvasü•πlo siento mam√°ü§£ #shorts #humor #tiktokvideo #latina #comedia #funny #peru #fyp,UCRIWIquWdo_lquf4xfC4KEw,7802464,285807,1141,42.0,3670000,0.47036423365747027,196622092.79999998,4681478.399999999
2025-01-28T05:43:16Z,iONMcMaRxW4,That Couple on Beach #shorts #couple #couplegoals #beach #comedy #funny #explore #love #nostalgia,UCQPTbtadNWcPYuoS3JqkpYw,7669700,200893,476,60.0,3310000,0.43156837946725424,276109200.0,4601820.0
2024-12-02T10:06:08Z,1in5WiGGrDI,Leo or Reo ke New clothesüòÇ #shorts | Anant Rastogi,UCOrE-2VgEOJ9LTNLYu5LeEw,7634988,323309,1064,54.0,15000000,1.9646396300819333,247373611.2,4580992.8
2024-04-19T18:00:22Z,RS7mKL_C82o,El beb√© al final üë∫ #shorts,UCjFpmez1Qh6M8y857-TObeQ,8036515,242318,1585,25.0,13200000,1.6425030003676966,120547725.0,4821909.0
2024-03-19T14:30:18Z,UBdwoaHoFsQ,üìö Stationary Shopping - Part 2 #shorts,UCdpHYrNDvXqreUGPsqfX6jg,8011644,110297,652,40.0,176000,0.021968025538828234,192279455.99999997,4806986.399999999
2025-02-27T03:32:00Z,vPM5Z5zvIWY,Nibba Nibbi and iPhone üòÖ | #shorts | Shorts Break,UCgJ5_1F6yJhYLnyMszUdmUg,7940333,482974,1158,59.0,45600000,5.742832196080442,281087788.2,4764199.8
2025-02-09T03:30:05Z,8tinQuFjKt0,Meri Kya Galti Hai üòÇ | Part 6 | #shorts | Shorts Break,UCgJ5_1F6yJhYLnyMszUdmUg,8009045,419763,327,18.0,45600000,5.693562715654613,86497686.0,4805427.0
2024-03-10T06:14:24Z,BkWVS9dUesk,THE REAL CINTA GAK MANDANG FISIK !! | Klara Tania #shorts,UC4rHBMP2rGPuFk9F-JlGzbQ,7906221,363998,357,55.0,22500000,2.8458602409419114,260905292.99999997,4743732.6
2024-03-15T08:53:18Z,Oeg2iGOkYVM,Everyone get limited breaths each day #funnyshorts #ytshorts #shorts,UCxGzpNf5XOnSQOYC2nbMiyQ,7905334,378682,1673,58.0,18900000,2.390790825536277,275105623.2,4743200.399999999
2024-12-04T14:53:54Z,YTOwKRbhLU0,Wait for end #concept #reality #shorts #family #naveensamrat,UC9SQ0p_HYjX1IDENQe8DAGA,7742019,259425,396,60.0,2240000,0.2893302121836694,278712683.99999994,4645211.399999999
2025-01-28T05:43:16Z,iONMcMaRxW4,That Couple on Beach #shorts #couple #couplegoals #beach #comedy #funny #explore #love #nostalgia,UCQPTbtadNWcPYuoS3JqkpYw,7669700,200893,476,60.0,3310000,0.43156837946725424,276109200.0,4601820.0
2024-12-02T10:06:08Z,1in5WiGGrDI,Leo or Reo ke New clothesüòÇ #shorts | Anant Rastogi,UCOrE-2VgEOJ9LTNLYu5LeEw,7634988,323309,1064,54.0,15000000,1.9646396300819333,247373611.2,4580992.8
2024-01-13T15:54:01Z,os53iNWRJxs,La ropa del bailar√≠n #shorts #tiktokvideo #humor #comedia #viral #baile #peru #latina #hiphop,UCRIWIquWdo_lquf4xfC4KEw,7654655,298726,1145,20.0,3670000,0.47944682026818974,91855860.0,4592793.0
2024-07-30T22:00:25Z,RLmBZAr2kkA,ENALDINHO DE MELANCIA! üçâ #shorts,UC2bYhAHyaqfWlPXWBVk4BcA,7595616,237334,714,32.0,42000000,5.529505441033354,145835827.2,4557369.6
2025-02-08T18:15:39Z,6InjhpR6FYk,"Nita Ambani, Shloka Ambani At Priyanka Chopra&#39;s Brother&#39;s WEDDING | #shorts #bollywood #wedding",UCkJZQddO3XTCdcLjN019FjA,7411712,186443,240,17.0,4300000,0.58016285576126,75599462.4,4447027.2
2022-11-14T14:50:51Z,KRoSohvCyok,This was Satisfying üòå #shorts #nba,UC7oT6ExHCW6LeiUSWQejfBQ,7375876,168098,842,16.0,1200000,0.16269253984204723,70808409.6,4425525.6
2024-03-26T11:29:04Z,qhQGrJR-IDo,Guess the Songsüî• #shorts #shortsvideo #shortsfeed #youtubeshorts #trendingshorts #viral #trending,UC2ViPu8EVMP8Eo1Ob7yWEkg,7373373,590169,1167,57.0,10200000,1.383356029865843,252169356.6,4424023.8
2025-02-04T19:30:07Z,_c5nTXIlZ6g,Squid Game Season 3 üòÇüòÇ #funny #squidgame #memes #shorts,UCtZO2c3i1PrtwyeaxaIYHKA,7347771,98020,1043,14.0,1030000,0.1401785657174128,61721276.39999999,4408662.6
2023-04-25T19:54:35Z,7WqdDOjSK88,AQUELA ALUNA PEDINDO MOLETOM - b√°rbara coura #shorts,UCQ9f8VBJD7sT2ySq0IDtARA,7260257,466488,2059,48.0,4180000,0.5757371949780841,209095401.60000002,4356154.2
2024-08-21T00:00:23Z,lFNv2LkDvxE,Milky Tuition Part-54 #shorts #viral #richakka,UCjZQyGJeZv68zMIJOXk0vmA,7270179,151948,54,47.0,5420000,0.745511217811831,205019047.79999998,4362107.399999999
2024-10-11T13:29:24Z,hLU1ttJ5i1o,Moni VS Anni ü•ä #shorts #shortvideo #shortsfeed #trending #funny #comedy #siblings #love #viralvideo,UC2ViPu8EVMP8Eo1Ob7yWEkg,7196023,415823,1105,60.0,10200000,1.4174496107085817,259056828.0,4317613.8
2024-09-18T07:22:29Z,f-dKsyZUBdE,What i Eat in a Day While Travelling #minivlog #shorts,UCH9aPskONv7sraQfL-UDxNQ,7191195,454776,1850,60.0,8520000,1.184782223260529,258883020.0,4314717.0
2023-08-14T11:30:02Z,iqTnDG6wdu0,Non-Veg Friend AlaparaigalüòÇ #sharmilageorge #shorts,UC-axD-N6aIwswrQ1ee4zlXg,7083953,305620,735,57.0,1950000,0.27527003637658237,242271192.6,4250371.8
2025-02-12T23:52:16Z,vv3z9HHgjNw,Por Confiada üòÖ @MelanieFitt #comedia #shorts,UC_82tbyeBHSaDbL725LMlvw,7097884,229755,3325,19.0,34000000,4.790159996979382,80915877.6,4258730.399999999
2024-10-05T12:00:14Z,VBQUCQxTOlU,Leo ki ladai hogyiüòÇ #shorts | Anant Rastogi,UCOrE-2VgEOJ9LTNLYu5LeEw,7016298,278809,725,56.0,15000000,2.137879548445633,235747612.79999998,4209778.8
2024-07-25T02:32:57Z,DmKRbJygBco,Trendu ‡∞Æ‡∞æ‡∞∞‡∞ø‡∞® Frndu ‡∞Æ‡∞æ‡∞∞‡∞°‡±á Part-1ü§£ü§© || Allari Aarathi || Comedy Videos || Friendship #shortvideo,UCSgVw2iWODCXSlVZA0SO86g,6952252,282494,320,60.0,6520000,0.9378256139161814,250281071.99999997,4171351.1999999997
2025-02-04T06:30:09Z,EztLGzKlIOs,ChƒÉm Tr·∫ª Ki·ªÉu Hu·∫•n Luy·ªán Qu√¢n S·ª± #shorts #shortsvietnam #haihuoc #bientv #thuthach24h,UCARTj7J82NQE5Y5F0TzmbQg,6924118,93700,147,57.0,878000,0.12680315384573168,236804835.6,4154470.8
2024-12-04T08:15:02Z,bcYsqUWTgws,End miss mat KarnaüòÇüòÇüòÇ| Gulshan Kalra #funny #comedy #shorts #shortsvideo #trending #viralvideo,UC56dNUTok1pgvpY75CsJQ4Q,6918192,246068,513,60.0,40200000,5.810766743681008,249054911.99999997,4150915.1999999997
2024-10-10T12:00:09Z,3dtzFMQ1JHQ,PLISS CAPE KITA PRIKKK BANGETüò≠ü§£üóø @JessicaEffendy #shorts #itsmeissie,UCPOyt9Ii791y25bRdoCT8aQ,6876023,226038,668,59.0,16400000,2.3850996426277224,243411214.2,4125613.8
2025-02-09T22:41:14Z,Mk_L6oXpilE,Fails En Revelaciones De G√©nero De Beb√©s Parte 10 #shorts,UCD5dXej6wC856yigcC-HpeA,6956983,472408,474,55.0,12400000,1.7823818169456502,229580439.0,4174189.8
2024-05-08T16:30:31Z,iksz3aGb-RU,Sinnlose Fragenü§£ | Lewinray #shorts,UCTdvynmLeTfcaqc4k40b-dA,6815621,304212,2132,19.0,1590000,0.23328761971946504,77698079.39999999,4089372.5999999996
2025-02-28T09:21:00Z,ZtMRctyKU_k,Jay Shree krishna ‚ù§Ô∏èü•∫ | Simran Makhija | #shorts #school #schoollife ##jayshreekrishna,UC-e10tRE8eoiAwLlm8BQbIQ,6788299,201589,156,49.0,12100000,1.7824789391274602,199575990.6,4072979.4
2024-12-06T15:30:32Z,l7-62ozDmJ8,Real Twist At The ENDüòÇü§£üôÑüò≤.. #trendingshorts #youtubeshorts #shorts #trending #youtube #video #videos,UCu1BKTL7zTTdSWZTb-lJM_g,6683535,0,135,60.0,7900000,1.1820092211681392,240607260.0,4010121.0
2025-02-06T06:18:47Z,S-k0EfZiO7k,Panipuri Is Important Than Vidayü•∫#ytshorts #youtubeshorts #shortsfeed #viral #comedy #funny #shorts,UC5JF4jPACfKYgFaHstgREGQ,6676565,226612,287,37.0,2910000,0.43585286745504614,148219743.0,4005939.0
2025-02-06T03:43:34Z,UhrqXJsZFFg,Tiffin ka Chakkar üòÇ | #shorts | Shorts Break,UCgJ5_1F6yJhYLnyMszUdmUg,6583922,424087,925,51.0,45600000,6.925962974652494,201468013.2,3950353.1999999997
2025-02-07T07:16:53Z,gVwShkxVGqs,20 years old paintings üò± #shorts,UCt85BA_hmXl2hz6fbYCKMKQ,6555300,233990,402,33.0,6280000,0.9580034475920248,129794940.0,3933180.0
2023-12-18T00:57:29Z,meYHAHLxiI8,AQUELA M√ÉE NA PRAIA - b√°rbara coura #shorts,UCQ9f8VBJD7sT2ySq0IDtARA,6501280,375044,769,49.0,4180000,0.6429503113233086,191137632.0,3900768.0
2024-02-18T09:08:09Z,sfBVPtoWl08,Mini Vlog 311 - Vanu Ka Performance üòÉü§© #aayuandvanu #shorts #viral #youtubeshorts #ytshorts,UC62I7OqmuNr1VFhesP6ak9A,6453551,159707,3622,60.0,3440000,0.5330398721572046,232327835.99999997,3872130.5999999996
2024-04-16T09:02:02Z,OC-zhRI3AjA,Mini Vlog 347 - Aayu Aur Bhaiya Ki Doodle Art üé®ü§© #aayuandvanu #shorts #youtubeshorts,UC62I7OqmuNr1VFhesP6ak9A,6399899,129780,0,60.0,3440000,0.5375084825557404,230396364.0,3839939.4
2024-06-23T00:00:23Z,s7Ro6QYj4BU,Amma Prema Part-48 #richakka #emotional #shorts,UCjZQyGJeZv68zMIJOXk0vmA,6359869,200027,900,59.0,5420000,0.8522188114252038,225139362.6,3815921.4
2023-12-07T12:30:01Z,3zSJzwP_x1k,Class monitorüòùüòÇ || Gulshan Kalra #shorts #funny #comedy,UC56dNUTok1pgvpY75CsJQ4Q,6304662,225658,328,60.0,40200000,6.376233967816197,226967831.99999997,3782797.1999999997
2025-02-06T12:30:47Z,nzGjVxDjVaU,Overthinking in Train üöÇüòÇ Part -2 #priyalkukreja #shorts #ytshorts,UCzEAWIWMigRBbulQ6yVlilg,6347180,134108,239,54.0,43100000,6.790417161637136,205648632.0,3808308.0
2024-08-11T10:30:19Z,p0cM_nKz_Nk,comment your makeup buddyü§£ || Allari Aarathi ||#shorts #comedy #funny  #summerfashion #fashiontrend,UCSgVw2iWODCXSlVZA0SO86g,6309018,197731,282,60.0,6520000,1.0334413374632947,227124648.0,3785410.8
2024-08-15T15:54:47Z,BhkxOv96Rrk,FOLGT f√ºr mehr üòÇ‚ù§Ô∏è #shorts,UCLHsaB11MF0reXL02JKnLPg,6249542,171398,369,11.0,1260000,0.20161477433066294,41246977.199999996,3749725.1999999997
2025-01-15T12:00:50Z,YitBXj6QJLs,CAPE BANGETüò≠üóø IDUP AKU TERLALU RANDOM #shorts #itsmeissie,UCPOyt9Ii791y25bRdoCT8aQ,6291669,219767,3381,21.0,16400000,2.6066215498622065,79275029.39999999,3775001.3999999994
2024-12-11T05:40:02Z,29XKn_ZzHsg,Cinnamoroll but he&#39;s Crocs! #cinnamoroll #crocs #shorts,UCRSLeYO3BOhRAYz0vLfVSWw,6229640,297888,1962,69.0,7410000,1.1894748332166867,257907096.0,3737784.0
2024-09-13T13:29:10Z,1gjVpvX4XPA,Pudichiduda kaipulla ü§£ #shorts #shortvideo #shortsfeed #trending #funny #comedy #challenge,UC2ViPu8EVMP8Eo1Ob7yWEkg,6063088,357012,999,57.0,10200000,1.682311059974719,207357609.6,3637852.8
2024-04-24T21:13:10Z,9Hq9PRWHIGY,Who can relate? #shortvideo #relatable #school #love #funny #comedy #couple #short #shorts,UC73sF-7Ihcs1HpnXEEXZ2ew,6030650,292756,3420,14.0,8720000,1.4459469543084078,50657460.0,3618390.0
2025-01-23T08:21:00Z,tRr9KCDUaJU,Tom üçì Jerry (Rithvi&amp;Kavi)Real End Twist üòÇüéà #shorts,UCL5nlHWXVLeOsSjKH2fhmsg,5974250,154827,188,60.0,68400000,11.449135874796,215073000.0,3584550.0
2023-05-24T15:54:42Z,Wp_gXWGCcJ0,Furz Prank an Bruder ü§¢üòÇ #shorts,UCLHsaB11MF0reXL02JKnLPg,5921477,263184,363,30.0,1260000,0.21278474948057724,106586585.99999999,3552886.1999999997
2024-06-03T13:29:08Z,SgYFZWExZo4,Finally foreignÔøº pora üéâ #shorts #shortsvideo #shortsfeed #youtubeshorts #trendingshorts #viral,UC2ViPu8EVMP8Eo1Ob7yWEkg,5893686,324088,744,59.0,10200000,1.7306656649166583,208636484.4,3536211.6
2024-11-01T12:00:07Z,6YowmJ3b9x4,UDAH LAMA GA BELI BARANG RODOM!! WKWKWKWKW MURCE CUMA GOCENGü§£ #shorts #itsmeissie,UCPOyt9Ii791y25bRdoCT8aQ,5825561,171319,2646,45.0,16400000,2.8151795166165114,157290147.0,3495336.6
2024-05-24T14:31:20Z,5hsbd5wHyrw,GRWM ‡Æï‡Æ§‡Øç‡Æ§‡Æø‡Æú‡Ææ ‚ô•Ô∏è‡Æï‡Æ£‡Øç‡ÆÆ‡Æ£‡Æø Dance Recreation‚ÅâÔ∏èPrac Double Damakka‚ùóCute Vibes #makeup #beautytips #shorts,UCnEIpAZAT4U4wtL7fEFN2sw,5773336,233750,1853,60.0,1590000,0.2754040298364758,207840096.0,3464001.6
2024-11-01T12:00:07Z,6YowmJ3b9x4,UDAH LAMA GA BELI BARANG RODOM!! WKWKWKWKW MURCE CUMA GOCENGü§£ #shorts #itsmeissie,UCPOyt9Ii791y25bRdoCT8aQ,5825561,171319,2646,45.0,16400000,2.8151795166165114,157290147.0,3495336.6
2024-05-24T14:31:20Z,5hsbd5wHyrw,GRWM ‡Æï‡Æ§‡Øç‡Æ§‡Æø‡Æú‡Ææ ‚ô•Ô∏è‡Æï‡Æ£‡Øç‡ÆÆ‡Æ£‡Æø Dance Recreation‚ÅâÔ∏èPrac Double Damakka‚ùóCute Vibes #makeup #beautytips #shorts,UCnEIpAZAT4U4wtL7fEFN2sw,5773336,233750,1853,60.0,1590000,0.2754040298364758,207840096.0,3464001.6
2022-05-02T14:00:14Z,NnzZ65vmNJc,Das Ende! üòÇ #shorts,UCjRSLHUvYPFhvHYvBCFmcrw,5708986,277023,1063,57.0,774000,0.13557573971980313,195247321.20000002,3425391.6
2024-09-28T22:01:34Z,X1p5uzoUoww,1% FROM UNREAL üò≠ #fortnite #shorts,UCEOEwGcv5nbL7cRvVnqeKGQ,5631703,114465,956,53.0,1040000,0.18466882930438624,179088155.39999998,3379021.7999999993
2023-05-28T10:07:16Z,WDQ9FlN3Y5I,üçóüçüWhat I ate in a day üç±üçî #shorts,UCAOEXty8JNYU2xOyKSi0PwQ,5566823,261923,735,33.0,1580000,0.2838243644534773,110223095.39999999,3340093.8
2025-03-01T11:30:07Z,BI5P6jUzqAc,Saito09 funny video üòÇüòÇüòÇ #shorts,UCKLbzfmjFv_oalDX8sHxhkQ,5212169,145490,165,59.0,29700000,5.698203569377739,184510782.6,3127301.4
2024-11-03T09:01:08Z,9bW9fLHPlWc,Unbox h·ªôp m√π hot tr√™n TikTok baby three si√™u cute !! #shorts,UCzVjHe5tfriHKxKxQk7EYIw,5184867,67694,1106,25.0,38200,0.007367594964345276,77773005.0,3110920.2
2024-05-10T15:56:01Z,QHJ0WM4pM2I,AYAKLARIMA JELE D√ñN√ú≈ûEN TOZ ƒ∞LE BAKIM YAPTIM! #shorts,UCZPVgnevTPCymfVfLX_QzAw,5172406,79104,772,21.0,1600000,0.30933379939625777,65172315.6,3103443.6
2025-02-28T07:18:15Z,EduV6aVnN30,Titan ini kaya banget melebihi Wili salim dan elon mas #shorts,UCW5CtZ5X9bKA24DabVeSYjw,5151055,105964,196,51.0,1050000,0.20384173727517954,157622283.0,3090633.0
2024-03-26T22:00:31Z,gBMs14r9miE,FIZ XIXI NO LABIRINTO GIGANTE DE LEGO! #shorts,UC2bYhAHyaqfWlPXWBVk4BcA,5121625,176179,316,39.0,42000000,8.20052229516999,119846025.0,3072975.0
2024-11-14T14:29:25Z,DWC7Y1xigUg,Gethu appaüòù| #naveenricky #shorts,UC5v6DJyUvE-CeouxceXQ8bA,5126703,243675,257,60.0,3620000,0.7061068292818992,184561308.0,3076021.8
2024-11-23T14:02:37Z,Fr6Xxa8fzEg,Maa Beti Before Marriage | Girls before Wedding | Indians And Wedding #shorts,UCgN55-McINV9y4noG-0QKVg,5102176,267522,189,60.0,13100000,2.567531970672905,183678336.0,3061305.6
2024-10-05T11:50:29Z,fFTtqszNiAw,Typowy pracownik Maka #shorts,UCNXPgLPZYwlOPBYJ78Elv0Q,5028329,151645,1009,34.0,968000,0.19250928091618508,102577911.6,3016997.4
2025-02-28T13:54:25Z,mFdk_J4oHc8,HALO ü§£ü§£ | Mom &amp; Son #shorts #funny #viral,UCsyBga6NxnV7M3PX5zm-cAQ,5009664,48416,17,5.0,13200000,2.6349072512647553,15028992.0,3005798.4
2024-11-06T19:51:22Z,0n2Ww-sujhE,Can anyone else do this? #jonathanjoly #shorts #daughter Ôøº,UCj3eT48w7oJU0sGbxkX0FfQ,5024941,111194,1433,25.0,2220000,0.4417962320353612,75374115.0,3014964.6
2025-01-26T09:57:24Z,0-R_gEI1R9M,You can change everyone‚Äôs name  Ôøº#funnyshorts #ytshorts #shorts,UCxGzpNf5XOnSQOYC2nbMiyQ,4997288,218347,6504,57.0,18900000,3.7820513846710457,170907249.6,2998372.8
2024-10-06T06:53:26Z,_fDqwP6iif8,Pool villa ya phir Spitsvilla üòÖ #Shorts #comedy #funny,UCYFPzRnPm4GuoDU1N4NkHzQ,4734644,139298,175,60.0,11200000,2.3655421611424217,170447184.0,2840786.4
2025-02-03T12:01:12Z,tvHvU4j-_kc,[ Bunny Art Meme ] Dress to Impress #shorts,UCKC1_jCahDmaoCr3bgZDxsw,4688290,106525,937,52.0,326000,0.06953494771014591,146274648.0,2812974.0
2024-04-23T07:57:33Z,NuKd_T3qDME,LUCU GAK ?? ü§£ | Klara Tania #shorts,UC4rHBMP2rGPuFk9F-JlGzbQ,4607730,180341,2172,19.0,22500000,4.8830986190597105,52528122.0,2764638.0
2025-02-28T14:57:26Z,okZyXy0EIpc,Baby Steve VS Pillager. #shorts,UCRIUK48zBEPalrjRsmdBQ6A,4620688,215172,955,6.0,6910000,1.4954482968770018,16634476.799999999,2772412.8
2025-02-28T04:23:14Z,5Ee9mkAItno,Bocil ganteng-ganteng serigala #shorts,UCW5CtZ5X9bKA24DabVeSYjw,4605873,96279,96,58.0,1050000,0.22796981158620744,160284380.39999998,2763523.8
2025-02-28T05:00:22Z,QG2vP9UQ8oE,Penemu Jenius &quot;Alat Anti Perselisihan&quot; Solusi Untuk Temanmu‚ùóüòÆ #shorts #shortvideo,UCSmg4PgB6jwumu0T7TwaKmg,4478841,74046,104,34.0,2520000,0.5626455594203947,91368356.4,2687304.6
2025-01-06T18:01:30Z,sLPPFekdle4,Part-2 Newly married rejoin kre na kre Manju mam bacho ko jrur rusticate kra dengiüòÇ #shorts #comedy,UCFnab77h4bEm5Z51bP1KT8w,4482387,256395,324,42.0,1940000,0.4328051103128757,112956152.39999999,2689432.1999999997
2025-02-10T08:10:11Z,SV7fGJJvT7c,BOCIL EMANG SUSAH DITEBAK üò≠ | Klara Tania #shorts,UC4rHBMP2rGPuFk9F-JlGzbQ,4489166,93717,233,35.0,22500000,5.012066829339792,94272486.0,2693499.6
2024-11-05T12:25:02Z,nCbaZmTTGdQ,‚ÄúDark‚Äù  Glimpse of Our First short Filmüé•üò± #shorts #shortfilm,UCMWv9WrCkZJcxzsOWeZfEkg,4278227,162257,154,54.0,9080000,2.1223745257088975,138614554.79999998,2566936.1999999997
2025-02-07T12:01:03Z,fRkDTorFLLM,OIYA NIH YAA LANJUT MARKONAHüò≠ü•∞üôè #shorts #itsmeissie,UCPOyt9Ii791y25bRdoCT8aQ,4320456,115460,1917,53.0,16400000,3.7958956184254626,137390500.8,2592273.6
2024-06-16T14:38:52Z,3bJdtkGmzWU,Every Teacher ever on Annual functionüòÇ #shorts #funnyshorts #teachers #comedyshorts #schoollife,UCW-V3lJDUSz_AccP6rPRUtA,4245628,110948,324,61.0,10700000,2.5202396441704265,155389984.79999998,2547376.8
2024-10-11T12:33:08Z,ZfdtU2Q6Kjc,Prac Mass ‡ÆÜ‡Æ© MANASILAAYO BTS Recreation‚ÅâÔ∏è‡Æ§‡Æ£‡Øç‡Æ£‡Æø Canu Fan ‡Æ™‡Æø‡Æü‡Æø‡Æï‡Øç‡Æï ‡ÆÜ‡Æ≥‡ØÅ‚ùó#beautytips #makeup #shorts,UCnEIpAZAT4U4wtL7fEFN2sw,4165175,181456,834,60.0,1590000,0.3817366617248975,149946300.0,2499105.0
2025-02-07T20:30:29Z,wkEsq8g9sA0,CUTTING OPEN MY TABA SQUISHY! üò≠‚úÇÔ∏èüê§ *rip squishy*,UCNpc6BMk8peBkPMmMZgorQg,4217382,88663,1038,26.0,2220000,0.5263929138977688,65791159.199999996,2530429.1999999997
2025-02-08T08:45:39Z,_zuwEVuv2cA,You Can See Everyone‚Äôs Future #funnyshorts #ytshorts #shorts,UCxGzpNf5XOnSQOYC2nbMiyQ,4045761,215846,245,58.0,18900000,4.671556228852866,140792482.8,2427456.6
2025-02-28T12:19:01Z,ywJrq43XRJI,The Ghost üò≥#Kritikachannel#Shorts funny video,UCw5laSluKZol8QuE1fOToTQ,4042976,0,0,21.0,30300000,7.494479314247722,50941497.6,2425785.6
2024-09-27T15:00:02Z,1ar2jJOaric,When You Watch A YouTube Tutorial #Shorts,UCuwJoiGWRxPYStBp0l0WuZw,4015879,256279,1613,12.0,17100000,4.258096421729838,28914328.799999997,2409527.4
2023-01-26T21:30:25Z,3tF73WLQdQc,He will make you laugh in 15 seconds... üßêüòÇ,UCTGOuh9b_Su2k5xEARHCQQA,4024280,126103,7148,30.0,16400000,4.075263152663333,72437040.0,2414568.0
2025-02-28T12:01:30Z,zHUnCj99IiE,Cheating in SQUID GAME Season 2ü§£ LankyBox #shorts,UCSf0s2ogUVYpJPuzW1zpAOg,3959605,200379,151,32.0,40800000,10.304058106806108,76024416.0,2375763.0
2025-02-28T15:00:58Z,ci9T33pkmv4,Esta mujer tiene un insecto en la nariz üò∞ #shorts,UCPKZ8NsUm96HK-5bpCgVl6w,3930098,408003,373,60.0,672000,0.17098810258675484,141483528.0,2358058.8
2021-12-14T11:33:37Z,8mszkYiNafE,90s KIDS VS 2k KIDSü§£ #shorts      NRFM VLOGS #youtubeshorts #twist #comedy #90s #2k #tamil #shorts,UC2ViPu8EVMP8Eo1Ob7yWEkg,3918920,186167,507,28.0,10200000,2.602757902687475,65837856.0,2351352.0
2024-12-27T18:00:06Z,ABdOH4keFBY,"¬°TIKTOKERS QUE LA PASARON MAL PERO NUNCA SE RINDIERON! SUSY MOURIZ, CHINGU AMIGA Y M√ÅS #Shorts",UCicv75Se8iS6otnQJ_4Pa_A,3843031,292465,1047,59.0,14200000,3.6950001183961305,136043297.4,2305818.6
2025-02-28T04:30:11Z,UcUZwQxOaWg,10th Board Exam üòâ #mariakhan #shorts @mukeem03 @sadimkhan03,UCmt6ANTxFIZL8XhLprxgJmQ,3818295,238609,1976,60.0,5100000,1.3356746925001866,137458620.0,2290977.0
2024-09-12T04:30:28Z,_V0OMocjoYs,‡∞™‡∞ø‡∞∏‡∞ø‡∞®‡∞æ‡∞∞‡∞ø ‡∞®‡∞æ‡∞®‡±ç‡∞® part -36 üòÇüòÇ || Allari Aarathi Videos|| #trendingshorts #comedy #shorts,UCSgVw2iWODCXSlVZA0SO86g,3826703,135631,204,60.0,6520000,1.7038165752607402,137761308.0,2296021.8
2024-04-01T01:50:45Z,TeLKGS7XPmY,Amma vs allari pilla 23#achyuthasaddikuti #trending #shorts,UCjCAsmk4Zev04xh_VpYl6kg,3803132,105785,131,58.0,4680000,1.2305647029869067,132348993.59999998,2281879.1999999997
2024-10-01T12:41:50Z,5SfbIywSADQ,Relatable ? üò≠üòÇüî• | Wait till end | #shorts #funwithsiblings,UCcxb3AV6qMB9Htfqyc_eIlQ,3799638,103452,393,11.0,1560000,0.41056542754862435,25077610.799999997,2279782.8
2025-02-28T08:51:43Z,H1IvRTRazkg,Wait for itüíÄüòÇ #chetanmonga #comedy #shorts,UCZLOlM5df0CXW9bP5MAeE7A,3774516,185765,189,39.0,21400000,5.669601082628872,88323674.4,2264709.6
2025-02-27T18:55:25Z,7GHVOgEmqPM,SQUID GAME DANCE WITH THE PRINCE FAMILY #shorts #theprincefamily,UC5LGPvoUOfwcLi4Ck8LiR4A,3728994,214786,1320,39.0,12400000,3.325293631472724,87258459.6,2237396.4
2025-02-07T06:30:07Z,CKitDTqjXwQ,Mua Ni·ªÅng RƒÉng Ph√°t S√°ng Cho √îng N·ªôi #shorts #shortsvietnam #haihuoc #bientv #thuthach24h,UCARTj7J82NQE5Y5F0TzmbQg,3708769,43443,147,49.0,878000,0.23673623242644662,109037808.6,2225261.4
2024-06-11T07:05:06Z,rURWPqMXqQA,Titiüçü IcepopüçßNilo Na Keno?üò±ü§£ #shorts #funnyvideo #icecream #trishikarimpa,UCZsohghaolvqquHtIUJBqjg,3657264,44938,48,16.0,4380000,1.1976165789508222,35109734.4,2194358.4
2024-10-29T11:30:35Z,pNNKzTujlsk,Unga favourite enna?‚ù§Ô∏è#shorts #trending #viral #shortsfeed #trending #funny #comedy #viralvideo,UC2ViPu8EVMP8Eo1Ob7yWEkg,3605334,285693,2200,53.0,10200000,2.829141488694251,114649621.19999999,2163200.4
2024-10-17T15:00:36Z,YyleBeIBuOY,Piyush Kunali Funny Vlogs üòÇüòÇ | Part #121 #souravjoshivlogs #shorts,UCoCx2CX_Vrv1-0ZXuJMIMNw,3614348,0,0,26.0,972000,0.2689281718307147,56383828.8,2168608.8
2025-02-28T10:30:03Z,4IRlylwX_o8,Khi Sheep V√† M·∫π ƒê√≤i Con Heo Squid Game | Sheep #shorts,UCj_LC4oQW2nEr9X4XPs2uFw,3596082,54138,94,32.0,4220000,1.1734993807149003,69044774.39999999,2157649.1999999997
2024-08-12T13:35:00Z,o-i-8cgUNy4,Chicken shop sothanaigal üòÖ #shorts #shortvideo #shortsfeed #trending #funny #comedy #like,UC2ViPu8EVMP8Eo1Ob7yWEkg,3524453,175453,523,50.0,10200000,2.8940661146566575,105733589.99999999,2114671.8
2024-05-01T16:37:35Z,uFi765x6W64,Einen Tag in einer Blase eingesperrtü§Ø | Lewinray #shorts,UCTdvynmLeTfcaqc4k40b-dA,3476291,134407,279,36.0,1590000,0.4573840337302027,75087885.6,2085774.5999999999
2023-06-24T04:55:08Z,JM3YSKJC6fQ,Payal aur golu ban gai kaamwali üòÇüòÇüòÇ#shorts #armaanmalik #familyfitness #payalmalik #kritikamalik,UCY518KnBu6TLuPtYd2isfDw,3200645,76298,563,26.0,81000,0.02530739897739362,49930062.0,1920387.0
2025-02-12T11:58:44Z,h2a6DzId_UI,Cu·ªôc l·∫©n tr·ªën c·ªßa ƒë·ª©a em g√°i ngh·ªãch ng·ª£m #shorts,UCg7WjuuH8yv5IthZV_mfWSQ,3190720,30498,88,22.0,3470000,1.0875288336174906,42117504.0,1914432.0
2025-03-02T13:57:33Z,Zp-QnKC4iqs,Kavya or papa ki funny comedy video üòÇüòÇ #shorts #funnyshorts  #viralshort #shortvideotrendingshorts,UCW3GaQCtV-xqTjqHgy8lKjw,3231784,11771,0,0.0,280000,0.0866394536268513,0.0,
2025-01-07T13:30:12Z,QqoPptw1H_0,Finally i gifted all gifts to khushboo | Real Payal #minivlog #shorts,UC2aE9o5CPNK5MaXipSOiBUg,3114351,180957,3124,59.0,1070000,0.3435707792731134,110248025.39999999,1868610.5999999999
2024-07-31T06:36:21Z,6WYKVEtcgCg,PACARAN SAMA CHICKEN NUGGET ?! | Klara Tania #shorts,UC4rHBMP2rGPuFk9F-JlGzbQ,3085530,86540,161,43.0,22500000,7.292102167212764,79606674.0,1851318.0
2025-02-13T13:29:49Z,JOohjkLPC3c,Happy Kiss Day üíã‚ù§Ô∏è #shorts #shortvideo #shortsfeed #trending #kissday #love #viralvideo #like,UC2ViPu8EVMP8Eo1Ob7yWEkg,3065255,280265,1028,60.0,10200000,3.327618746238078,110349180.0,1839153.0
2024-03-13T00:00:25Z,uibw7nR_UWQ,Kotha Janta Part-249 #Richakka #Shorts #Comedy #funnyshorts,UCjZQyGJeZv68zMIJOXk0vmA,3070258,100083,114,58.0,5420000,1.7653239564883472,106844978.4,1842154.8
2025-02-27T21:00:41Z,l05pp0KXDr8,OTRA ANIMACI√ìN DE MINECRAFT!!! #shorts,UCdR_Myj8gkEC1K5bVlLQ_dQ,2990222,255206,1095,60.0,3700000,1.2373663226342393,107647992.0,1794133.2
2025-01-05T11:00:11Z,B75U8PK5rkY,Ary ab toh meri Shadi ho gai hai üòÇ #Shorts #comedy #funny,UCYFPzRnPm4GuoDU1N4NkHzQ,2980333,103300,166,51.0,11200000,3.7579693275885613,91198189.8,1788199.8
2024-12-09T13:50:00Z,32et6wN1YVA,Girls vs Boys üòÇ while doing face wash #comedy #comedyvideo #shorts #youtubeshorts #funny #funnyvideo,UCet9FEXim3LTgRYf3I8F5nA,2948370,45353,84,14.0,1910000,0.6478155726723579,24766308.0,1769022.0
2025-02-28T16:15:39Z,CC_GQWgV4jo,When chota bhai gets playing cards üòÇüî•| Indian family #shorts #indian #relatable #chaman #chotabhai,UCVX8CkXUBX0NbtEyjAubJNQ,2869184,71005,92,30.0,9350000,3.258766255492851,51645312.0,1721510.4
2024-10-20T04:30:02Z,arsKURJssVU,‡™Ü‡™π‡´Ä‡™∞ ‡™ü‡´ç‡™∞‡´á‡™°‡™ø‡™∂‡™®‡™≤ ‡™Æ‡™æ‡™Ç ‡™¶‡™ø‡™§‡´ç‡™Ø‡™æ ‚ú®üî•Gujarati Mini vlog #minivlog #shorts #gujrativlog #aahir #ahirani,UC48C8h8JNXW1XyhVzXlDLjA,2867521,64431,115,57.0,468000,0.16320717441999552,98069218.19999999,1720512.5999999999
2025-02-28T18:19:00Z,-fHSnHt8BYw,como no PARAN de ADIVINAR? #minecraft #shorts,UCcisSJctjo_jxKgyyVJIyEw,2831112,211135,596,56.0,1590000,0.5616167781422988,95125363.2,1698667.2
2024-10-07T10:06:29Z,zOrHoMLHsU8,Watch Full VideoüëÜ #maithilisreetan #comedy #funny #shorts #ytshorts #youtubeshorts #trending,UCGc_UsstlIt3E3XuyJxGH4w,2774351,74964,220,52.0,3250000,1.1714451415844642,86559751.19999999,1664610.5999999999
2025-02-28T11:00:52Z,VWnA2GGuw30,ËâæËééÁî®Áª∑Â∏¶Ê∂ÇÂè£Á∫¢ËíôÊ∑∑ËøáÂÖ≥#shorts #ËâæËéé,UCotq9MFP4JB4d4b3tUY9QaQ,2742861,78070,33,28.0,4250000,1.5494769877146526,46080064.8,1645716.5999999999
2023-02-16T13:30:20Z,phvFQyxadf0,Judwa Princess video is OUT! Check it out on YouTube. üíï #youtubeshorts #princesspari #shorts #yt,UCWBf_sbrlRFb0PgSPC3mXNA,2760104,29791,0,9.0,181000,0.06557723911852596,14904561.6,1656062.4
2024-12-02T10:19:00Z,SUoVI_VV8ns,Do you agree? #shorts,UC_oFAJ3Xha1_mZENuR1Vj9Q,2739404,35816,630,21.0,3410000,1.2447963133586721,34516490.4,1643642.4
2025-02-27T11:45:02Z,_flrtpvMLco,–ñ–∏—Ä —Å–ø–∞—Å—ë—Ç –º–∏—Ä üòÅ #—Ñ–∏–ª—å–º #—Å–µ—Ä–∏–∞–ª #–º–æ–º–µ–Ω—Ç—ã #shorts,UC5_5Rq-kbDGq_RcDTUDeS5g,2681134,108582,539,20.0,2990000,1.115199762488559,32173608.0,1608680.4
2024-10-11T09:00:12Z,DkO4dtw7PXw,Mini Vlog 416 - Masti Bhari Trip üòÉü•∞ üòç #aayuandvanu #shorts #youtubeshorts #minivlog #trending,UC62I7OqmuNr1VFhesP6ak9A,2639546,61175,389,60.0,3440000,1.3032544232985521,95023655.99999999,1583727.5999999999
2024-07-18T12:59:28Z,NO9jvhCuZ9A,Customers Vs Pizza Wala üòÇ Salman Noman‚ù§Ô∏è #shorts #summervibes,UCXTyWqKtLLzaom6XwaJu7xw,2600376,102734,202,60.0,22100000,8.498770946970746,93613535.99999999,1560225.5999999999
2025-01-07T18:09:45Z,qA2HKjKCk8s,"üî¥ LIVE | Pixar Cars Shorts üöò | NEW Livestream! | Cars on the Road, Cars Toon &amp; MORE! |  @disneyjr",UCNcdbMyA59zE-Vk668bKWOg,2488402,6752,0,0.0,22800000,9.162506701087686,0.0,
2024-09-21T06:30:13Z,dI0IYsckhx0,Sourav joshi ne liya gold ka mobile üò± #shorts #souravjoshivlogs,UCDqrqD-26_ZZ97DamKOyOuw,2513094,34734,182,8.0,69700,0.027734736543877786,12062851.2,1507856.4
2025-02-27T14:28:27Z,JV0Sx0qzmw8,Sister and Brother love ü•∞ü•∞‚ù§Ô∏è‚ù§Ô∏è#Kritikachannel#Shorts video,UCw5laSluKZol8QuE1fOToTQ,2461737,39576,0,37.0,30300000,12.308382252043984,54650561.4,1477042.2
2025-01-25T12:37:00Z,8X4fvy9TyNk,Unga family pathi solungaüë®‚Äçüë©‚Äçüëß‚Äçüë¶Shinchan versionüòú #shorts #love #funny,UCMWv9WrCkZJcxzsOWeZfEkg,2477953,117940,266,9.0,9080000,3.6643148598863657,13380946.200000001,1486771.8
2022-08-01T14:00:00Z,adncrafhwxc,Fremdgehen | Lewinray #shorts,UCTdvynmLeTfcaqc4k40b-dA,2434644,217333,481,38.0,1590000,0.6530728927925397,55509883.199999996,1460786.4
2025-02-14T03:30:16Z,WWwNDXn9NJA,Badass Kaamwali BaiüòÖ | Kaamwali Bai | #shorts | Shorts Break,UCgJ5_1F6yJhYLnyMszUdmUg,2407000,201800,556,60.0,45600000,18.944744495222267,86652000.0,1444200.0
2025-02-28T15:01:31Z,0sNtWHo2Cyw,Aise Logo Se Bachkar Rahe üôèüèªüò≠‚ù§Ô∏è #shorts #funny #emotional #staysafe #india,UCk0wP3o4Lx35mShOj2WYVoQ,2384461,72209,42,50.0,3680000,1.5433257243460892,71533830.0,1430676.6
2024-10-06T10:56:57Z,SjCAB0dpNdw,Holidays loüòúFruitsüò≥#shorts #comedy #charanspy #dasara #holiday #trending,UCi3SR4l-4eX54WYyheuSkXw,2381846,0,846,60.0,5270000,2.2125695783858403,85746455.99999999,1429107.5999999999
2024-12-02T05:00:49Z,vsKEKqDhU5w,You can hear your soulmates thoughts.. #shorts#nail#briannaguidryy,UCXuGuDh4pT0d-NuX0VSsNfQ,2368341,142854,59,58.0,236000,0.09964781254050831,82418266.8,1421004.5999999999
2025-02-28T03:01:08Z,aA7HJQYwcpY,Minecraft Smart DoorüíÄ #minecraft #shorts,UCOOUuwm1HQ7CNlx25JxUm3A,2338252,85474,434,18.0,3560000,1.5225048454999717,25253121.599999998,1402951.2
2025-02-28T08:35:00Z,ADDodcA7mEE,Yashu Ne Ye Sab Kya Kar Diya üò´üò≥ #shorts #love #mohtarma #ytshorts #trending #cutebaby,UClu8wYqI1HvMPbDyeIQrC_w,2334907,32968,5,40.0,7010000,3.00226090375334,56037768.0,1400944.2
2025-02-11T08:32:23Z,HzC5fPo_5vU,Talking Ben Goes Viral üòé Talking Tom Shorts | LIVE Cartoons for Kids,UCm3hAp1m1xlAz0ve_EKAo4g,2298781,11146,0,0.0,32500000,14.137927884387421,0.0,
2025-01-30T10:20:10Z,zROaaTuYKqw,Talking Tom Shorts Áõ¥Êí≠ üî¥ Á¨¨ 1 Â≠£Ë∂ÖÂ§ßÂêàÈõÜ üê± Âø´‰πê‰∏çÂÅúÊ≠á,UCpB_Rt4GwuGnGr6yPISWd1A,2213264,6304,0,0.0,624000,0.2819365425904908,0.0,
2024-10-05T05:45:40Z,MfFfPjBS_28,–°–æ–∑–¥–∞–ª–∞ —Ç–≥ –ª—é–∫—Å–ª–µ–¥–∏ ‚ù§Ô∏èüôèüèª #–ª–∞–ø–∫–∏#–ª–∏–∑—É–Ω #–∞–Ω—Ç–∏—Å—Ç—Ä–µ—Å—Å #music #dance #shorts,UCiiGmRSMKwrf7PbVYpTj6CA,2174684,32424,654,10.0,47900,0.022026188632463382,13048104.0,1304810.4
2025-02-08T13:20:43Z,xti9yMvD4Z0,How do you make maggi?üíÅüèª‚Äç‚ôÄÔ∏è#shorts #cooking #cookwithme #comedy #friends #hungry #stephyanntomy,UCDHlLG5fmSpekFa4ayM9zmA,2148060,74197,175,13.0,610000,0.28397717009766954,16754868.0,1288836.0
2025-02-28T08:12:00Z,rnPUmrBejD0,Tom üçì Jerry (Rithvi&amp;Kavi)Real End Twist üòÇüéà #shorts,UCL5nlHWXVLeOsSjKH2fhmsg,2127970,81364,232,59.0,68400000,32.14331029102854,75330138.0,1276782.0
2024-11-28T11:08:22Z,YUAUj3AV2CY,Kon hai Topper?üìöüòÇ#topper #backbenchers #comedyshorts #shorts #youtubeindia #comedy #share #viral,UCPpu7qeRDxAI-VmqB0iR_vg,2134375,0,463,19.0,962000,0.4507174231332357,24331875.0,1280625.0
2025-02-28T00:00:23Z,HVoSE-Y6djM,Polic√≠a Contra Un Doctor Ignorante | #peliculas #pelicula #series #serie #shorts,UCaqtjuntgCx8NFXulIa_O_A,2122226,256610,454,56.0,505000,0.237957691593638,71306793.6,1273335.5999999999
2025-02-27T08:29:10Z,3uG91_SNFeg,‡§Ü‡§ú ‡§π‡§Æ ‡§ó‡§è ‡§è‡§ï ‡§Ö‡§®‡•ã‡§ñ‡•á Event  ‡§Æ‡•á ü§Ø  #shorts,UCglXlpWjIi95auM3umWWLdw,2077658,108086,318,52.0,17600000,8.471076567943328,64822929.6,1246594.8
2025-01-26T09:10:00Z,ffsVgvu6Vf4,Unbox BABY THREE c√πng B√∫n B√°o #xonhaBun #viral #comedy #trending #shorts #tetmetit,UCclGtccK0e6HJVKBDesyQ_A,2034585,23813,310,53.0,511000,0.25115686982849084,64699803.0,1220751.0
2024-12-29T03:00:26Z,Yrehu8e9JNo,ü§©‚ú® Silk Cadbury | Riya‚ú®üÜö Chandini‚ú® @tiktoktamil360 #shorts #dance #riya #chandhini,UCrzL4IcMAA0PUY-jrqx_4dg,2024361,95030,7565,15.0,1020000,0.5038627003780453,18219248.999999996,1214616.5999999999
2025-02-28T08:02:01Z,52e1Ff3AVN4,BtS Future kids   #cutelife #bts #shorts,UCadXD59pSUdNGQ9xfqB8CeA,2068671,90910,179,45.0,11400000,5.510784460167905,55854116.99999999,1241202.5999999999
2024-08-14T07:56:27Z,XIpw6BS9DZg,Kings Power üíÄ | Virat Kohli Atitude Status | Cr7 vs Vk18 #shorts,UCqeixFt3NlU-CnYTmre99_A,1997130,0,659,10.0,141000,0.07060131288398852,11982780.0,1198278.0
2025-02-28T17:56:07Z,f9sMZkkagqU,Purple bath üíú What&#39;s next? #asmr #bathroutine #bathessentials #night #shorts #fyp #viral #bathtime,UC2YEsYjJOz5OHOcRD9YtaZg,1971101,62244,383,24.0,478000,0.24250406245037673,28383854.4,1182660.5999999999
2025-02-28T17:36:29Z,49cG8j2iQyM,If You FIND These COINS DO NOT Ever Throw It¬†#shorts,UCGdPm5Aq081vVD7ih9jZf6Q,2000184,187593,623,58.0,17900000,8.949176675745832,69606403.19999999,1200110.4
2025-02-28T18:00:19Z,IijcqbndXeI,Peter Stole Princess Stewie #familyguy #funny #shorts,UC2uqduIrS_NCnYHUEtEyv8g,1955707,125356,278,53.0,597000,0.30526045056851564,62191482.599999994,1173424.2
2024-11-10T19:42:23Z,COJXSiDjLC4,I didn‚Äôt see this coming üò© #jonathanjoly #shorts #daughter,UCj3eT48w7oJU0sGbxkX0FfQ,1918201,62219,707,37.0,2220000,1.1573343982199988,42584062.199999996,1150920.5999999999
2024-10-30T10:28:28Z,QJ9NjLGRJmU,Ellavarkum CHOCOLATEü•≥üç´ | thejathanguüòâ #Shorts,UCSZbVOwGXulnuBXyxy_roAA,1894714,125589,137,40.0,2340000,1.2350148887906038,45473136.0,1136828.4
2024-11-30T04:01:57Z,xk9POMwcuDs,Part-9 #karthikamasamkastalu ü§£ü§™ #maithilisreetan #comedy #funny #trending #shorts #youtubeshorts,UCGc_UsstlIt3E3XuyJxGH4w,1887574,48022,48,60.0,3250000,1.7217868014710946,67952664.0,1132544.4
2024-12-10T11:29:18Z,9FMQHVq28m0,Smells we all love‚ù§Ô∏èPart-2 #sharmilageorge #shorts,UC-axD-N6aIwswrQ1ee4zlXg,1861738,79793,733,26.0,1950000,1.047408389365206,29043112.8,1117042.8
2025-02-28T12:30:43Z,gbtpLg5S_Fo,‡§ú‡§ø‡§∏ ‡§ó‡§≤‡•Ä ‡§Æ‡•á‡§Ç ‡§Ü‡§™‡§ï‡§æ ‡§Ö‡§™‡§Æ‡§æ‡§® ‡§π‡•ã‡§ó‡§æ |#premanandji #shorts #shortsvideo #bhagwan #mahadev #krishna #viral,UCvpfkBDy5rDt78tYnrScsdQ,1917014,0,698,24.0,295000,0.15388515681158302,27605001.599999998,1150208.4
2024-10-30T10:28:28Z,QJ9NjLGRJmU,Ellavarkum CHOCOLATEü•≥üç´ | thejathanguüòâ #Shorts,UCSZbVOwGXulnuBXyxy_roAA,1894714,125589,137,40.0,2340000,1.2350148887906038,45473136.0,1136828.4
2024-11-30T04:01:57Z,xk9POMwcuDs,Part-9 #karthikamasamkastalu ü§£ü§™ #maithilisreetan #comedy #funny #trending #shorts #youtubeshorts,UCGc_UsstlIt3E3XuyJxGH4w,1887574,48022,48,60.0,3250000,1.7217868014710946,67952664.0,1132544.4
2024-12-10T11:29:18Z,9FMQHVq28m0,Smells we all love‚ù§Ô∏èPart-2 #sharmilageorge #shorts,UC-axD-N6aIwswrQ1ee4zlXg,1861738,79793,733,26.0,1950000,1.047408389365206,29043112.8,1117042.8
2025-02-28T06:34:21Z,Ih5lISHjxFw,‡¶π‡ßá‡¶≤‡¶ø‡¶ï‡¶™‡ßç‡¶ü‡¶æ‡¶∞ ‡¶®‡¶ø‡¶Ø‡¶º‡ßá ‡¶ù‡¶ó‡¶°‡¶º‡¶æ #shorts,UC7i23UGOfVfI87ogWiDgQjw,1851691,23381,7,20.0,582000,0.3143073007321416,22220291.999999996,1111014.5999999999
2025-02-28T14:30:13Z,PgcvBpnFJwg,üó£Ô∏è ŸÇÿ∑Ÿàÿ≥ ŸÖÿ¨ÿ±ŸÖ üòÇ | #ÿØÿ®ŸÑÿ¨ÿ©_ŸÖÿ∂ÿ≠ŸÉÿ© #ÿßŸÉÿ≥ÿ®ŸÑŸàÿ± #ÿßŸÑÿ≥ÿπŸàÿØŸäÿ© #ÿØŸàÿ®ŸÑÿßÿ¨ #familyguy #my_kingo #shorts,UCSn8SrBteQ0ccVLmHzeRv9Q,1786044,59456,294,14.0,1210000,0.677474911032427,15002769.599999998,1071626.4
2025-02-06T13:19:53Z,mGph2yxOi9M,Mr. P(utin) Song Tutorial ü•∞üî• #shorts #brawlstars,UCEv8Bgbe9zOOSWHerDkHAxA,1785211,63866,147,14.0,282000,0.15796452072051986,14995772.399999999,1071126.5999999999
2024-11-12T22:00:17Z,Z9a6fClQ5j0,LIGA√á√ÉO #shorts,UCLfvw6eeaCy8gHve1BNlt_g,1777898,143402,509,30.0,4530000,2.547952694699021,32002164.0,1066738.8
2025-02-11T17:11:01Z,Xmb7eyj4u4g,√áikolatalƒ± Lezzet Toplarƒ±üç´ #shorts,UCjBjjs9gxIjPb17OvrYN9xg,1774810,45274,479,30.0,358000,0.20171173252348137,31946580.0,1064886.0
2025-02-28T13:41:05Z,elSwH12mFkw,Who will save her birthday?ü•π filaretiki family‚ú® #shorts,UC7Lta_EuGv5BXoLTpUutvBA,1744871,61347,122,55.0,27900000,15.989720730071163,57580743.0,1046922.6
2025-02-28T12:03:42Z,BOywhTI3VSU,Mama Ka Car Parking üòÇ #shorts #tiktokvideo #funnyshorts #comedy #sukhasankastar #ytshorts,UCmbbkvgMD29P6yQJEAlWaHQ,1763961,27040,29,25.0,9050000,5.130498916926168,26459414.999999996,1058376.5999999999
2025-02-28T22:42:42Z,01lCRlscGlM,He Was Onto Bro‚Ä¶ üò≠ #shorts,UCNEkGnUPmh19bcqhJvH3_hw,1728602,135605,685,20.0,104000,0.0601642251946949,20743224.0,1037161.2
2025-02-28T02:13:09Z,3njPytV0Yio,NEMESIS System PATENTED by WB #shorts,UCRFSF9WS_g0wqm32kjJ-jNw,1667927,175826,4825,59.0,1680000,1.0072383263775933,59044615.8,1000756.2
2024-10-23T11:30:22Z,UqgTlvazGMo,Stages of Being at HotelüòÉWatch Till Endü§™#sharmilageorge #shorts,UC-axD-N6aIwswrQ1ee4zlXg,1611312,64385,106,38.0,1950000,1.2101939289225179,36737913.6,966787.2000000001
2025-02-05T17:31:14Z,gzaJhPAEwRw,Tamam oƒülum Var‚Äôa gidiyoruz #shorts #football #soccer,UCvn1PS3tuakvhCh6dE2snsw,1616270,19939,973,25.0,330000,0.20417380759402823,24244050.0,969762.0
2025-02-28T09:42:44Z,p9d9t0qXNq8,Ti·ªÉu Tam m√°ch c√¥ gi√°o t√¥i mang ƒë·ªì ƒÉn v·∫∑t #shorts,UCh79IazPBN62-27J7qZuVkw,1551185,54680,81,44.0,1410000,0.9089824875820743,40951284.0,930711.0
2025-02-28T15:14:58Z,DrSy5l_QAvw,King Pertamina nih bos senggol dong #pertamina #shorts,UC0hB-GycOMGrxF5zTNQQahw,1568360,26392,2898,12.0,175000,0.11158152464995282,11292192.0,941016.0
2024-11-09T11:30:02Z,xq0ldbe2V9Q,Two Types of Siblings at Exhibitionüé°üòÅ#sharmilageorge #shorts,UC-axD-N6aIwswrQ1ee4zlXg,1520802,51029,63,28.0,1950000,1.2822181980297238,25549473.599999998,912481.2
2025-02-28T10:00:00Z,-Dt3qHFEk2I,Boys vs Girls!#joker  #shorts,UCPE_UIuGbfeZSEnFE1WI-Gg,1524699,67435,242,60.0,10600000,6.952191875248819,54889164.0,914819.4
2025-02-28T13:00:54Z,YWYddD8vA5Q,When You Mine a DIAMOND! #shorts,UCzrlI6MuQz0IzprmuUZb8-Q,1529429,90059,253,60.0,7300000,4.77302313477775,55059444.0,917657.4
2025-02-28T19:58:58Z,1d8JbLgifY8,I Explored a Hidden Tide Pool üêô #shorts,UCaPu3LJBU5w_ghFUMeko-nA,1510092,83829,232,43.0,5520000,3.6554064255687733,38960373.6,906055.2000000001
2024-11-04T12:01:14Z,8ErYj4kNyRY,SHOPPINGin poyappol kore nostu thingsü•π | thejathanguüòâ #Shorts,UCSZbVOwGXulnuBXyxy_roAA,1406268,81807,243,57.0,2340000,1.6639787010726264,48094365.599999994,843760.7999999999
2025-02-28T08:00:33Z,VtorSpQS43o,Â∞è‰∏ëÊ¨∫Ë¥üÂ§©‰Ωø„ÄÇ#Â∞è‰∏ë #Â§©‰Ωø #Ë∂Ö‰∫∫‰∏ç‰ºöÈ£û #shorts,UCa0Gva4Y_TNixIilKd-Dl0g,1403348,49159,26,60.0,16200000,11.543822344849602,50520527.99999999,842008.7999999999
2025-02-28T16:33:12Z,XXAR5aoBO2w,Surprise Your Loved One with this Unexpected Gift. #bff #love #shorts #bestfriend #friendship #gift,UCeiL3jzxm0pAyzILbl3JQCQ,1404149,42952,398,33.0,573000,0.40807635087159555,27802150.2,842489.4
2025-01-17T21:22:58Z,sE8IazV3r1M,Wait for it.. #funny #couple #relatable #short #shorts #love,UC73sF-7Ihcs1HpnXEEXZ2ew,1395299,133776,763,13.0,8720000,6.249556546661325,10883332.200000001,837179.4000000001
2025-02-12T16:45:01Z,CCY_PvwymCI,Like f√ºr noch einen Part ‚ù§Ô∏è #shorts,UCLHsaB11MF0reXL02JKnLPg,1321128,59129,235,27.0,1260000,0.9537304485258052,21402273.599999998,792676.7999999999
2025-02-28T15:47:55Z,uLt1qMgckTQ,BOR√áLARDAN KURTULMA Y√ñNTEMƒ∞ #shorts #parody #funniest #comedyshorts #emreuzunboy,UCerF0GMtr1-VktxV6tmAYzg,1319815,29942,223,28.0,1150000,0.8713342400260643,22172892.0,791889.0
2025-02-28T04:30:32Z,y2f2JAKRCHI,Tom&amp;Jerry ü•∞sangeethkumar #shorts #tomandjerry,UCdce_0JccaDtpuv5x9Gjdyw,1306701,67181,123,60.0,15300000,11.708876016778131,47041236.0,784020.6
2025-02-28T15:00:28Z,Tr8TPCs9UrA,‚Ä¢ FUNKOUNA GIRL‚ò†Ô∏è‚ú®Ô∏è ‚Ä¢//CR:dhiya_akewo_02_05// #gacha #gachaclub #meme #shorts #oc,UCPl_Du6JChGsRg4bw15Y1tw,1296538,127590,910,12.0,713000,0.5499260337915279,9335073.6,777922.7999999999
2025-02-10T19:56:28Z,tv0EsULIdzQ,Daha √∂nce hi√ß ahtapot yediniz mi?üêô #shorts,UCjBjjs9gxIjPb17OvrYN9xg,1314657,23371,2824,40.0,358000,0.272314375536737,31551768.0,788794.2
2025-02-01T02:18:42Z,5aLNGQjJinw,ELE ERA OU N√ÉO ERA O FILHO DELES?! #shorts,UCDzqtK98_nVy0DuLe6fmh2Q,1280935,171548,560,63.0,1420000,1.1085652277437965,48419343.0,768561.0
2025-02-28T14:54:44Z,DB-SF1hTWF8,Say mashallah ü•∞ Laiba Fatima #shorts #ytshorts,UCs0jd6UqA1B7TCq9iFZ6huw,1273577,46875,187,22.0,1420000,1.1149698840352802,16811216.4,764146.2
2025-02-27T11:23:33Z,hRK0sJqgcRc,Free Mai ROOHAFZA Bhi Pi Liya üòúüòã #trending #shorts #catchysmells #itmaaz #perfumer #youtuber,UCmMc_GEf8CNJ6FWwos0mTmw,1252595,48901,115,61.0,6640000,5.300995134101605,45844977.0,751557.0
2024-09-17T09:47:10Z,q04TvrsO3lQ,End miss mat karnaüòÇü•á|| Gulshan Kalra #shorts #funny #schoolvideo,UC56dNUTok1pgvpY75CsJQ4Q,1250435,51567,101,60.0,40200000,32.14881221334976,45015660.0,750261.0
2025-02-28T22:00:28Z,jxovKw7h0vg,SONIC NEEDS TO MATCH THE COLOR IN MINECRAFT! ‚õèÔ∏è #shorts,UCIFf3obhbXcDu1_U3aHjz-A,1240504,94689,195,60.0,1670000,1.3462270174058286,44658144.0,744302.4
2025-01-28T17:14:39Z,idy6CCPlgd0,cr: user.14253625  #youtube #reels #tiktok #shorts #fyp #funny #viralvideo #ke≈üfet #viralvideo,UCfnkofY6C7I54nu1t0SMqIg,1198062,21506,132,6.0,316000,0.2637593046102789,4313023.199999999,718837.1999999998
2025-01-02T14:00:20Z,OD4O9eY5LV8,Ocak ayƒ±nda Galatasaray ile anƒ±lan futbolcular #shorts #futbol #galatasaray,UCU5MjsK39FtO7vyh-R-koOg,1146926,15807,506,20.0,149000,0.1299124790962974,13763112.0,688155.6
2025-02-28T08:00:23Z,VYH6rHBlcho,„Ç™„É™„Ç∏„Éä„É´„Éâ„É™„É≥„ÇØ„Å´ÂÖ•„Çå„ÇãÔºüÂÖ•„Çå„Å™„ÅÑÔºü #Shorts #„Åä„ÅÜ„Å°„Éâ„É™„É≥„ÇØ #„Éâ„ÉÉ„Ç≠„É™ #„Ç≤„Éº„É† #Ë¶™Â≠ê #„Åì„Å£„Å°„ÇÉ„Çì,UCE7GXA6GmMCqFkByvb8thJQ,1130895,23173,64,51.0,267000,0.23609618930139403,34605387.0,678537.0
2025-02-03T06:25:40Z,dW_qULJ8MzM,Beti ki chocolates ki aadatü•∫ü´∂üèª‚ù§Ô∏è #familylovestory #unknownboyvarun #shorts,UC4DLvb5xZ9OLcVM1KC_R97g,1138230,41835,79,50.0,38800000,34.08801384605923,34146900.0,682938.0
2025-02-28T12:22:28Z,5Ix6G6RIw5Y,Mammie&#39;s baby Princess After marriage üòÇü§£ü§åüèª #kunjattamalusworld #shortreels #shorts,UCPP7GcTE9jB0koFzVGTpNWQ,1113759,54679,134,60.0,1670000,1.4994267161926413,40095324.0,668255.4
2025-02-28T10:21:49Z,G2OjG1TWi4s,Â¶π„ÅÆÁØÄÊ∞¥„É¨„Éô„É´„ÅåÈ´ò„Åô„Åé„ÇãüòÇ#shorts,UCzKa8fRPoCbKh8O9yW2JK2g,1098610,25168,273,31.0,3710000,3.3769945658604965,20434146.0,659166.0
2025-02-06T22:00:07Z,7o-CcbDl2pI,DISFARCE NO PARQUINHO! #shorts,UC2bYhAHyaqfWlPXWBVk4BcA,1096871,50914,215,47.0,42000000,38.290737926337734,30931762.2,658122.6
2025-02-28T16:03:21Z,zg4EifOGIyU,If Maths Feels CONFUSING To You Its NOT YOUR FAULT¬†#shorts,UCGdPm5Aq081vVD7ih9jZf6Q,1087250,127957,1592,48.0,17900000,16.463554840193147,31312800.0,652350.0
2025-02-28T14:06:45Z,ZDM_dwR5AVY,UPPSC 2024 Prelims Results Aur RRB Group D ka Form #shorts #viralvideo,UCzvmoJUFIDgiNjQPyobEFWg,1107380,17598,57,7.0,510000,0.460546515198035,4650996.0,664428.0
2025-02-28T18:36:14Z,K2xA0_6Zdwk,no roben mis diamantes ü§¨ #shorts #minecraft,UCXKHQlSsflMm_xKihqBZE-A,1073648,86403,426,59.0,203000,0.18907500409817743,38007139.199999996,644188.7999999999
2025-02-28T07:00:18Z,YjLi-5Ca6kw,ÈÅ†Âõû„Åó„Å´‰ºù„Åà„Åü„ÅÑÔºÅ #shorts #„Éû„Ç§„ÇØ„É©,UC5l8bnxxl26Q5PDG_jawcuw,1064685,82706,153,60.0,1340000,1.258588220929195,38328660.0,638811.0
2025-02-28T17:38:13Z,f_tLHV0A7U8,Dog Nightmare Revenge vs Memories Emoji Reaction #meme #shorts #minecraft,UCTxlf0-0gN2vLCpiyr_NTSw,1083552,46344,45,51.0,3090000,2.8517320811553115,33156691.2,650131.2
2025-02-28T19:00:01Z,1SiIQs315sI,Raj se sienta en el cuello de sus padres üòÇ #shorts,UCNwUtLu-j9iwmm-dsjLVS1A,1058213,124580,219,57.0,105000,0.09922388025851128,36190884.599999994,634927.7999999999
2025-03-01T00:00:05Z,6yoRCwJEtwo,"Bowmasters: She Came, She Saw, She Destroyed! üéØüî• #bowmasters #shorts",UCqved_90WH2z2vpvEbUiz7w,1057686,17248,6,37.0,227000,0.21461946173060814,23480629.2,634611.6
2025-02-28T13:30:00Z,a3jgWd-FTXU,Bahu Rock Saas ShocküòÖ|Ms Komal|DeepeshZo| #ytshorts #shorts #viralvideo #funny #trending #saasbahu,UCle_8cU7bOuDxAZL-FY38Nw,1038120,53474,82,60.0,11600000,11.174045389742997,37372320.0,622872.0
2025-02-28T13:30:00Z,a3jgWd-FTXU,Bahu Rock Saas ShocküòÖ|Ms Komal|DeepeshZo| #ytshorts #shorts #viralvideo #funny #trending #saasbahu,UCle_8cU7bOuDxAZL-FY38Nw,1038120,53474,82,60.0,11600000,11.174045389742997,37372320.0,622872.0
2025-02-28T08:47:12Z,0f0XuTmlN48,PREGNANT Kiara Advani Protects Her Baby Bump In Crowd üßø | #shorts #pregnancy #baby,UCkJZQddO3XTCdcLjN019FjA,1033433,27015,170,32.0,4300000,4.160888998125665,19841913.599999998,620059.7999999999
2024-12-18T22:00:03Z,4ryyMhjV6HY,COMO FAZER CAF√â #shorts,UCLfvw6eeaCy8gHve1BNlt_g,1032557,110943,314,44.0,4530000,4.3871670038554775,27259504.799999997,619534.2
2025-02-28T11:00:13Z,80NCaZprrdg,„ÄêÊó•Èüì„Éè„Éº„ÉïÁ§æÈï∑„ÄëÊúÄÈ´ò„ÅÆ„Çµ„Éº„É¢„É≥„Ç≠„É†„ÉÅ„Çí‰Ωú„ÇåÔºÅ#shorts #Êó•Êú¨‰∏ÄÊÄí„Çâ„Å™„ÅÑÁ§æÈï∑ #„Ç≠„É†„ÉÅ,UCFGbDVRF-uj65PuJV0dKyvg,1019869,37540,83,59.0,437000,0.42848640364595847,36103362.6,611921.4
2025-02-13T16:45:01Z,UBtOqSRJrnU,Wer ist am s√º√üesten? ü•∞ #shorts,UCLHsaB11MF0reXL02JKnLPg,1002711,56846,77,29.0,1260000,1.2565933753594007,17447171.4,601626.6
2025-02-28T05:35:15Z,YXB3LTipNps,ElephantüêòGhurte Nie Gelo Na Keno?ü§£ü§£ #shorts #funnyvideo #comedy #trishikarimpa,UCZsohghaolvqquHtIUJBqjg,1002812,0,4,28.0,4380000,4.36771797704854,16847241.599999998,601687.2
2025-02-25T19:45:09Z,buuZ131ZEQI,JUEGO DE MESA de EL JUEGO DEL CALAMAR!ü¶ë #squidgame #shorts,UCDgObzDHQmj_IgHBkCp0HyQ,985191,54571,1233,83.0,7250000,7.358979121814958,49062511.8,591114.6
2025-02-28T02:29:00Z,6ayIQuQciZw,Young Giannis Was DIFFERENTü•∂ü§Ø #shorts,UC8ubYinMfxGj3nD7_Xn-pCw,976153,50133,202,31.0,169000,0.17312859766860317,18156445.799999997,585691.7999999999
2025-02-28T12:16:40Z,lLa4Z-2Wd8U,AKIBAT TELAT KASIH MAKAN ANABUL‚ÄºÔ∏è AUTO DIKERJAIN ANABULü§£ #shorts #anjinglucu,UCN0tfScXnr78BdQWDsRrX0A,981451,36202,196,29.0,5320000,5.420545702230677,17077247.4,588870.6
2024-04-01T13:23:26Z,c93kYp88-jM,How Our Haldi Started üíõ #hungrybirds #haldi #priti #sanket #shorts,UCbU4UfC5z3vzkS17y5YWWRw,964766,13882,119,16.0,118000,0.12230945120371157,9261753.6,578859.6
2025-02-28T18:08:32Z,rInwK3pL_Kk,ES CARNAVAL!‚Ä¶üé≠ #humor #shorts #carnaval,UCS3ijDAyd0_P2399L1Itz0A,945446,49108,144,60.0,7490000,7.922186988997785,34036056.0,567267.6
2025-02-28T12:58:33Z,8TJ9rzudB6M,Everyone is a Hacker Until Real Hacker Come Inüóø#ungraduategamer !!#shorts,UCgsWayzDGwj9CclwicO_R3w,940855,92409,379,31.0,11500000,12.222924892783691,17499903.0,564513.0
2025-02-28T00:46:55Z,hx5QB8HMqgg,MINECRAFT BUT YOU MUST DIE! ‚õèÔ∏è #shorts,UCIFf3obhbXcDu1_U3aHjz-A,914790,75604,93,60.0,1670000,1.825555591993791,32932440.0,548874.0
2025-02-28T22:00:05Z,51WqHR3RUsc,Kiki and Bouba Phase Transformation COMPARISON‚ú®(Incredibox Animation) #art #meme #shorts,UCx5xUie-SBVsryNyHxd8Egw,895880,46742,56,10.0,2480000,2.7682278876635262,5375280.0,537528.0
2025-02-28T21:30:38Z,VM7i5a9GTug,#regena #shorts,UCXf9Ki4HpKB9pHqMKjmAjcg,896140,86186,833,24.0,691000,0.7710848751311179,12904416.0,537684.0
2025-02-28T11:10:37Z,-jZnZ4gFWHE,Tom&amp;Jerryü•∞Outing with kuttiesüòç#shorts #shortvideo #krishnaavyu,UCCczaXpIkXAn1Tl-HODH-PA,936290,14694,3,36.0,8130000,8.683207125997287,20223864.0,561774.0
2025-02-28T10:30:05Z,7yfMzbdODZM,ÁîµÊ¢Ø #Â∞è‰∏ë #Â§©‰Ωø #shorts,UCovvTRDnB3XraOrB9jiSB3A,876077,21180,18,18.0,10300000,11.756957436389724,9461631.6,525646.2
2025-02-28T09:00:36Z,RF_MXwh-qhk,all of the time ‚ù§Ô∏è‚Äçüî• #JISOO #ÏßÄÏàò #AMORTAGE #earthquake #shorts,UCRE-097LGtx_Zo7LrHvkycA,812488,101549,1736,36.0,7070000,8.701666978466143,17549740.8,487492.80000000005
2025-02-28T01:30:29Z,hl_18Qi4QKw,Star Butterfly&#39;s magic assessment.#shorts #animation,UCgpiOYM6oArwoZvewsjrsJg,806551,105440,92,53.0,7820,0.009695605113625798,25648321.799999997,483930.5999999999
2025-02-06T18:07:00Z,hcwnCsnK2Ks,Types of people when there‚Äôs a school fight üòÇ#shorts,UCb6qkzVbz1FjnMMbkcZNdug,752280,26694,91,25.0,369000,0.4905088530866167,11284200.0,451368.0
2024-12-13T16:00:47Z,jVJB2roy_80,WHAT 5TH GRADERS TALK ABOUT ü§°üíÄ #shorts,UCNw5wjgSS1zp4QfJ20XCn9Q,748615,34128,160,68.0,1070000,1.4293061186324079,30543492.0,449169.0
2025-02-28T07:03:59Z,bihq1dCJe7o,Duolingo Has Returned üò± #shorts,UCcG6HCBufJHMGFXRM-V0wJw,749248,18995,361,26.0,6660000,8.88891261638336,11688268.799999999,449548.79999999993
2025-02-28T12:00:28Z,CAk4RDbYAMQ,–ö–ª–µ–∫—Å –í–ï–†–ù–ï–¢–°–Ø!üß†| WICSUR #shorts,UCqPSpViOkFJPodlL7wV8WNA,718375,38885,1228,60.0,6800000,9.465808247781451,25861500.0,431025.0
2025-02-28T17:00:19Z,GQRz_bMQ1Vg,LES JEUNES QUI FONT UN TACOSüåÆü§£#humour #shorts,UCpsvoU1qL4WLR6jvh1CWjhw,712373,47356,360,19.0,2310000,3.2426832572262003,8121052.2,427423.8
2025-02-28T03:00:02Z,2__ogJVipFw,Áµ∂Ë≥õ„ÉªË±ö„É¨„Çø„Çπ #shorts,UCWsAvz-plMpc8dgiaoMb0XQ,713462,39524,370,64.0,1660000,2.326683130986654,27396940.8,428077.2
2025-02-13T08:28:28Z,B7jsXNCLTJQ,Family love story ‚ù§Ô∏èü•πü´∂ #varunbundela #trendingshorts #shorts,UCPXQ211d2zbLXFmFr4uy7YQ,693543,64652,135,60.0,27300000,39.36309644823753,24967548.0,416125.8
2025-02-28T13:00:01Z,a8ihn91itbg,Dont worry Matteo I will take care of you #shorts #deedeeshow #kidsshorts #hardworkingmom,UC98mFb9Dw3QP7MwvlPoiiFA,686916,13697,0,42.0,1150000,1.6741493865334336,17310283.2,412149.6
2025-02-28T15:19:31Z,kDqiZZUj6oE,‡§™‡§Ç‡§¢‡§∞‡§™‡•Ç‡§∞ ‡§¶‡§∞‡•ç‡§∂‡§® ‚ù§Ô∏èüôèüèª‚ò∫Ô∏è#shorts #comedy #funnyvideos #comedyvideos #mh10production #vaibhavgawade,UC2JiGbes0T7FDEACMMpSp-A,676844,26424,160,23.0,1690000,2.4968825903753302,9340447.2,406106.39999999997
2025-02-27T21:24:15Z,-bRmE3V5bdY,GIVING OUT KILOS IN NYC!!! #shorts,UC4P8ylz0_93VaFDtO8CXRNQ,638971,32136,594,63.0,3970000,6.2131145231943234,24153103.799999997,383382.6
2025-02-28T09:23:43Z,2Yj-kqEeSbg,Soap ‡¥á‡¥ü‡µç‡¥ü‡µç ‡¥µ‡µÄ‡¥¥‡µç‡¥§‡µç‡¥§‡¥£‡¥Ç guysü§≠ #diy #craft #shorts,UCoxSALTT0zTuBgqeMF2ezuA,637457,49133,2346,59.0,589000,0.9239838922468496,22565977.8,382474.2
2025-02-28T19:00:32Z,YvUF3jbw95k,Colina na Champions‚ò†Ô∏è #eafc25 #fifa #eafc24  #eafcmobile #fifamobile #fifa #shorts,UCo4dif9sBpVkq1swr0BMRow,624478,22781,69,6.0,1090000,1.7454578063598718,2248120.8,374686.8
2025-02-28T20:00:33Z,dXuv4dK_wsU,Ehhh idküò∂ #roblox #memes #dresstoimpress #dti #shortsviral #funny #fypviral #shorts #viral #omg,UCqK8Y8GCbnvl2JwLt0xxcXg,618198,36521,383,7.0,376000,0.6082193730811164,2596431.6,370918.8
2025-02-28T13:10:25Z,arHuyrvFYGQ,Pokonasz mnie? #shorts,UCNXPgLPZYwlOPBYJ78Elv0Q,615359,42021,7339,34.0,968000,1.5730654788505571,12553323.6,369215.39999999997
2025-02-28T08:30:06Z,6KvolCpDMQI,Goku Gets Shot By Red Ribbon Soldiers | Dragon Ball #shorts,UCYV0Hz3NjfoAdBge1MsqlaQ,610419,42564,486,60.0,788000,1.2909165671448628,21975083.999999996,366251.39999999997
2025-02-28T21:15:03Z,mqFOE8h72nI,Everyone Thought This Guy Was DOOMED #shorts,UCVrEHNmwOcTM85daIG6PSVg,593096,86611,582,46.0,3010000,5.075063733358512,16369449.6,355857.6
2025-02-05T00:33:26Z,_-ynn-jc_PM,Saquon Barkleys Message to Giant‚Äôs fans‚Ä¶ #shorts,UCNhrlHpKvFTwEKvUGO0z6Fg,559630,21998,164,21.0,70200,0.1254400228722549,7051338.0,335778.0
2020-09-03T06:00:09Z,grfXR6FAsI8,3-Minute Stress Management: Reduce Stress With This Short Activity,UCpuqYFKLkcEryEieomiAv3Q,541216,11280,451,225.0,2050000,3.7877668065984746,73064160.0,324729.6
2023-09-23T08:00:03Z,6FN-VspNwzY,"Peranbu (‡Æ™‡Øá‡Æ∞‡Æ©‡Øç‡Æ™‡ØÅ) - Mon-Sat, 6.30 PM - Zee Tamil #shorts youtubeshorts",UC_wIGmvdyAQLtl-U2nHV9rg,518931,26559,15,45.0,16200000,31.218023205397248,14011136.999999998,311358.6
2025-01-30T01:44:30Z,EO6UDHpp8Qk,Mi sono bagnata tutta : #shorts #short #regina_indiscussa_,UCZfUyH7XCKwxCwBdI-kjn8A,432997,13322,78,119.0,65500,0.1512712559209417,30915985.799999997,259798.19999999998
2025-01-28T03:14:38Z,zigqRlzl2ZE,üò±Personne ne sais d&#39;ou elle viennent #short #shorts,UCZpISXcBrXT1Ap5YECia6OA,315369,11518,255,21.0,89600,0.28411162796597,3973649.4,189221.4
2023-09-24T07:30:02Z,Cu4g8maLoRI,"ANNA (‡ÆÖ‡Æ£‡Øç‡Æ£‡Ææ) - ‡Æ§‡Æø‡Æô‡Øç‡Æï‡Æ≥‡Øç-‡Æö‡Æ©‡Æø, ‡Æá‡Æ∞‡Æµ‡ØÅ 8:30 ‡ÆÆ‡Æ£‡Æø‡Æï‡Øç‡Æï‡ØÅ - Zee Tamil #shorts #youtubeshorts",UC_wIGmvdyAQLtl-U2nHV9rg,262772,7880,4,58.0,16200000,61.65040415264944,9144465.6,157663.19999999998
2025-01-28T01:10:20Z,xvTu2QCyn3M,La colpa √® di AMMAURIZIU : #shorts #short #regina_indiscussa_,UCZfUyH7XCKwxCwBdI-kjn8A,220796,6481,37,88.0,65500,0.29665392488994363,11658028.8,132477.6
2025-02-07T19:29:40Z,Gzu4xqnqkQg,What I eat in a day in the English countryside #shorts,UCkfTm3HfC4Fqr5dTPJHc9Fg,189792,11760,57,82.0,1050000,5.532372281234193,9337766.4,113875.20000000001
2023-09-24T09:00:01Z,2JArk-h9YZM,"Peranbu (‡Æ™‡Øá‡Æ∞‡Æ©‡Øç‡Æ™‡ØÅ) - Mon-Sat, 6.30 PM - Zee Tamil #shorts #youtubeshorts",UC_wIGmvdyAQLtl-U2nHV9rg,138459,6392,12,58.0,16200000,117.00214503932573,4818373.199999999,83075.4
2025-02-05T02:29:11Z,ZdVe6mCbK5A,Ella bien repeinada #shorts #short #Lluch Shorts,UCyu9OfpjwgMz43Z1P5iQ7wg,126846,8124,14,65.0,37600,0.29642243350204184,4946993.999999999,76107.59999999999
2025-02-08T17:55:05Z,8MAAGgIE5Ek,1 month of Project Pan Update #shorts,UCkfTm3HfC4Fqr5dTPJHc9Fg,112154,6129,30,74.0,1050000,9.362127075271502,4979637.6,67292.4
2023-09-23T07:30:01Z,6Ze1vTwHvdc,‡Æá‡Æ§‡ÆØ‡ÆÆ‡Øç (Idhayam) - Mon-Sat 1.30PM - Zee Tamil #shorts youtubeshorts,UC_wIGmvdyAQLtl-U2nHV9rg,105911,4493,6,53.0,16200000,152.95861619661792,3367969.8,63546.6
2024-12-16T00:36:22Z,ydOlBbc8fY8,E i vostri? : #shorts #short #regina_indiscussa_,UCZfUyH7XCKwxCwBdI-kjn8A,97775,4197,58,73.0,65500,0.6699053950396318,4282545.0,58665.0
2023-09-22T16:00:10Z,az4To0y5DWM,"Karthigai Deepam (‡Æï‡Ææ‡Æ∞‡Øç‡Æ§‡Øç‡Æ§‡Æø‡Æï‡Øà ‡Æ§‡ØÄ‡Æ™‡ÆÆ‡Øç) - Mon-Sat, 9:00PM - Zee Tamil #shorts #youtubeshorts",UC_wIGmvdyAQLtl-U2nHV9rg,87322,2392,16,51.0,16200000,185.52025835413755,2672053.1999999997,52393.2
2025-02-13T17:44:43Z,rKR6XD3xnQM,ALLES UMSONST GEZEICHNET? üò≠ | #shorts,UCGDZLaSjmI52DM-a011J3gA,82593,5173,92,66.0,179000,2.167253883501023,3270682.8,49555.799999999996
2023-09-22T15:30:07Z,BQujg_BeXLg,"ANNA (‡ÆÖ‡Æ£‡Øç‡Æ£‡Ææ) - ‡Æ§‡Æø‡Æô‡Øç‡Æï‡Æ≥‡Øç-‡Æö‡Æ©‡Æø, ‡Æá‡Æ∞‡Æµ‡ØÅ 8:30 ‡ÆÆ‡Æ£‡Æø‡Æï‡Øç‡Æï‡ØÅ - Zee Tamil #shorts #youtubeshorts",UC_wIGmvdyAQLtl-U2nHV9rg,63063,1926,5,56.0,16200000,256.88597117168547,2118916.8,37837.799999999996
2024-12-11T18:05:00Z,5J03fO751Wc,Best Gifts Under $20 üéÅüí∞! (12 Days of Shortsmas) #shorts,UCd4t3EEUy0LUOM4MTdjpNHA,59207,5494,52,68.0,2810000,47.46060432043508,2415645.5999999996,35524.2
2023-09-24T09:30:00Z,1MB-10pC-Cw,"Seetha Raman(‡Æö‡ØÄ‡Æ§‡Ææ ‡Æ∞‡Ææ‡ÆÆ‡Æ©‡Øç) - Mon-Fri, 7:30PM - Zee Tamil #shorts #youtubeshorts",UC_wIGmvdyAQLtl-U2nHV9rg,55653,2195,0,59.0,16200000,291.0894291412862,1970116.1999999997,33391.799999999996
2023-09-22T16:30:08Z,dF-mQLvDUmQ,"Meenakshi Ponnunga (‡ÆÆ‡ØÄ‡Æ©‡Ææ‡Æü‡Øç‡Æö‡Æø ‡Æ™‡Øä‡Æ£‡Øç‡Æ£‡ØÅ‡Æô‡Øç‡Æï)- Mon-Sat, 9:30 PM - Zee Tamil #shorts #youtubeshorts",UC_wIGmvdyAQLtl-U2nHV9rg,42808,2135,1,56.0,16200000,378.4339375817604,1438348.8,25684.8
2023-09-23T07:00:05Z,9OsFJPyOaoo,"Amuthavum Annalakshmiyum (‡ÆÖ‡ÆÆ‡ØÅ‡Æ§‡Ææ‡Æµ‡ØÅ‡ÆÆ‡Øç ‡ÆÖ‡Æ©‡Øç‡Æ©‡Æ≤‡Æü‡Øç‡Æö‡ØÅ‡ÆÆ‡Æø‡ÆØ‡ØÅ‡ÆÆ‡Øç) - Mon-Fri, 7 PM - Zee Tamil #shorts",UC_wIGmvdyAQLtl-U2nHV9rg,38623,1052,1,53.0,16200000,419.43919426248607,1228211.4,23173.8
2023-09-23T06:30:12Z,eBlWJZnu3Jo,"Meenakshi Ponnunga (‡ÆÆ‡ØÄ‡Æ©‡Ææ‡Æü‡Øç‡Æö‡Æø ‡Æ™‡Øä‡Æ£‡Øç‡Æ£‡ØÅ‡Æô‡Øç‡Æï)- Mon-Sat, 9:30 PM - Zee Tamil #shorts youtubeshorts",UC_wIGmvdyAQLtl-U2nHV9rg,33791,1870,2,54.0,16200000,479.4175964014087,1094828.4,20274.6
2023-09-24T08:30:11Z,Kmjwp_qOWdQ,"Meenakshi Ponnunga (‡ÆÆ‡ØÄ‡Æ©‡Ææ‡Æü‡Øç‡Æö‡Æø ‡Æ™‡Øä‡Æ£‡Øç‡Æ£‡ØÅ‡Æô‡Øç‡Æï)- Mon-Sat, 9:30 PM - Zee Tamil #shorts #youtubeshorts",UC_wIGmvdyAQLtl-U2nHV9rg,12478,408,1,54.0,16200000,1298.2849815675588,404287.19999999995,7486.799999999999
2025-02-09T16:00:07Z,911BqA5a1Ec,ü•ö2Ô∏è‚É£ zu zweit l√§sst sich&#39;s besser #Eier legen... #Shorts #H√ºhner #Henne,UChuS5MHXn-vgeR0d1Er4Hmg,10594,893,27,61.0,61800,5.833490655087785,387740.39999999997,6356.4
2024-12-12T10:13:41Z,LCOlPSOQA8s,Keep it Simple - Mini Journal Magic #shorts #artjournal #mixedmediajournal,UCtUMUEVdwMSOfWlSUsgpcsQ,711,70,15,104.0,11700,16.455696202531644,44366.399999999994,426.59999999999997
2025-01-21T19:01:23Z,hgV6-YI-pnU,How to add YOUTUBE SHORTS THUMBNAIL to your video...,UCz21nEmP8HLh6VqqQdlCvJQ,319,15,3,148.0,42300,132.60188087774296,28327.2,191.4
